timestamps,open,high,low,close,volume
2021-09-06,18.200000762939453,18.200000762939453,17.5,17.700000762939453,317529
2021-09-07,17.700000762939453,18.549999237060547,17.700000762939453,18.549999237060547,331023
2021-09-08,19.450000762939453,19.450000762939453,19.450000762939453,19.450000762939453,269455
2021-09-09,20.399999618530273,20.399999618530273,19.0,20.399999618530273,686038
2021-09-13,21.299999237060547,21.399999618530273,20.5,21.399999618530273,383754
2021-09-14,22.399999618530273,22.450000762939453,20.350000381469727,20.350000381469727,743221
2021-09-15,19.5,20.600000381469727,19.350000381469727,19.450000762939453,570833
2021-09-16,20.0,20.399999618530273,18.649999618530273,20.25,278413
2021-09-17,21.25,21.25,20.100000381469727,21.149999618530273,323788
2021-09-20,21.0,21.799999237060547,20.5,20.649999618530273,178250
2021-09-21,20.399999618530273,20.950000762939453,19.649999618530273,19.850000381469727,289769
2021-09-22,19.850000381469727,20.399999618530273,19.149999618530273,19.5,84871
2021-09-23,19.299999237060547,19.799999237060547,18.75,19.0,128543
2021-09-24,19.399999618530273,19.5,18.100000381469727,18.149999618530273,193088
2021-09-27,18.0,18.5,17.5,17.799999237060547,110731
2021-09-28,17.799999237060547,18.649999618530273,17.0,18.649999618530273,138899
2021-09-29,18.899999618530273,19.549999237060547,18.649999618530273,19.549999237060547,212236
2021-09-30,20.5,20.5,20.0,20.5,375870
2021-10-01,21.149999618530273,21.5,20.149999618530273,21.5,612362
2021-10-04,22.0,22.5,21.5,21.799999237060547,412720
2021-10-05,22.0,22.0,20.75,20.75,231341
2021-10-06,19.75,21.399999618530273,19.75,19.799999237060547,461793
2021-10-07,20.200000762939453,20.700000762939453,19.100000381469727,20.0,247688
2021-10-08,20.0,20.100000381469727,19.0,19.549999237060547,206686
2021-10-11,18.600000381469727,20.5,18.600000381469727,20.299999237060547,277990
2021-10-12,20.299999237060547,20.5,19.549999237060547,19.75,175451
2021-10-13,19.950000762939453,20.25,19.100000381469727,19.25,121496
2021-10-14,19.75,19.75,18.549999237060547,18.700000762939453,200600
2021-10-18,19.0,19.450000762939453,18.100000381469727,18.350000381469727,256610
2021-10-19,18.75,18.850000381469727,17.600000381469727,17.850000381469727,276002
2021-10-20,18.0,18.0,17.0,17.299999237060547,309392
2021-10-21,17.5,18.149999618530273,17.5,18.149999618530273,263093
2021-10-22,18.649999618530273,19.0,18.399999618530273,18.899999618530273,380285
2021-10-25,19.0,19.0,18.0,18.0,298000
2021-10-26,17.799999237060547,18.350000381469727,17.25,17.950000762939453,254051
2021-10-27,18.200000762939453,18.25,17.700000762939453,18.0,72530
2021-10-28,18.350000381469727,18.350000381469727,17.549999237060547,17.799999237060547,111897
2021-10-29,18.149999618530273,18.149999618530273,17.200000762939453,17.899999618530273,86571
2021-11-01,17.899999618530273,18.75,17.75,18.75,246689
2021-11-02,18.799999237060547,19.649999618530273,18.799999237060547,19.649999618530273,286326
2021-11-03,19.899999618530273,20.600000381469727,18.899999618530273,19.100000381469727,617387
2021-11-04,19.5,20.049999237060547,18.649999618530273,18.950000762939453,169558
2021-11-08,19.350000381469727,19.850000381469727,18.75,19.850000381469727,338151
2021-11-09,20.799999237060547,20.799999237060547,20.25,20.799999237060547,423241
2021-11-10,21.399999618530273,21.799999237060547,20.700000762939453,21.799999237060547,586156
2021-11-11,22.799999237060547,22.850000381469727,21.75,22.850000381469727,786422
2021-11-12,23.950000762939453,23.950000762939453,23.5,23.950000762939453,454935
2021-11-15,25.100000381469727,25.100000381469727,25.100000381469727,25.100000381469727,187069
2021-11-16,26.350000381469727,26.350000381469727,26.350000381469727,26.350000381469727,136226
2021-11-17,27.649999618530273,27.649999618530273,27.649999618530273,27.649999618530273,172625
2021-11-18,29.0,29.0,26.299999237060547,29.0,1859841
2021-11-22,29.0,29.0,27.549999237060547,27.549999237060547,172460
2021-11-23,26.25,28.899999618530273,26.200000762939453,28.899999618530273,822928
2021-11-24,30.0,30.299999237060547,28.799999237060547,30.299999237060547,624084
2021-11-25,30.649999618530273,31.799999237060547,30.649999618530273,31.799999237060547,125392
2021-11-26,33.349998474121094,33.349998474121094,31.200000762939453,33.349998474121094,458826
2021-11-29,35.0,35.0,31.700000762939453,33.25,669557
2021-11-30,33.0,33.0,31.600000381469727,31.600000381469727,296573
2021-12-01,30.5,32.20000076293945,30.049999237060547,30.049999237060547,232386
2021-12-02,28.549999237060547,31.549999237060547,28.549999237060547,31.549999237060547,340745
2021-12-03,32.5,33.099998474121094,32.5,33.099998474121094,94125
2021-12-06,34.75,34.75,33.79999923706055,34.75,85871
2021-12-07,36.45000076293945,36.45000076293945,36.45000076293945,36.45000076293945,72999
2021-12-08,38.25,38.25,38.25,38.25,64596
2021-12-09,40.150001525878906,40.150001525878906,36.599998474121094,39.75,1028615
2021-12-10,38.70000076293945,41.70000076293945,37.79999923706055,41.0,830171
2021-12-13,43.04999923706055,43.04999923706055,43.04999923706055,43.04999923706055,275236
2021-12-14,45.20000076293945,45.20000076293945,43.25,45.20000076293945,753091
2021-12-15,47.45000076293945,47.45000076293945,47.45000076293945,47.45000076293945,149913
2021-12-16,49.79999923706055,49.79999923706055,45.25,49.79999923706055,1222322
2021-12-17,51.5,52.25,49.0,52.25,1278513
2021-12-20,54.849998474121094,54.849998474121094,54.849998474121094,54.849998474121094,449844
2021-12-21,57.54999923706055,57.54999923706055,57.54999923706055,57.54999923706055,147225
2021-12-22,60.400001525878906,60.400001525878906,59.0,60.400001525878906,1934200
2021-12-23,60.400001525878906,63.400001525878906,57.400001525878906,63.400001525878906,1487464
2021-12-24,65.0,66.55000305175781,64.0,66.55000305175781,1024434
2021-12-27,69.8499984741211,69.8499984741211,68.80000305175781,69.8499984741211,494477
2021-12-28,73.30000305175781,73.30000305175781,73.30000305175781,73.30000305175781,177302
2021-12-29,76.94999694824219,76.94999694824219,76.94999694824219,76.94999694824219,179882
2021-12-30,80.75,80.75,77.0999984741211,80.75,1470286
2021-12-31,84.0,84.75,76.75,77.25,1810492
2022-01-03,73.4000015258789,81.0999984741211,73.4000015258789,81.0999984741211,1312039
2022-01-04,85.0,85.1500015258789,81.0999984741211,85.1500015258789,1139379
2022-01-05,87.75,87.75,80.9000015258789,80.9000015258789,920857
2022-01-06,76.9000015258789,82.5,76.9000015258789,78.8499984741211,732591
2022-01-07,80.0,80.69999694824219,74.94999694824219,74.94999694824219,405288
2022-01-10,72.0,77.94999694824219,71.25,72.6500015258789,1087211
2022-01-11,72.6500015258789,73.4000015258789,69.05000305175781,69.05000305175781,440509
2022-01-12,65.5999984741211,67.69999694824219,65.5999984741211,65.5999984741211,320724
2022-01-13,62.349998474121094,62.349998474121094,62.349998474121094,62.349998474121094,82254
2022-01-14,59.25,59.25,59.25,59.25,106038
2022-01-17,56.29999923706055,62.20000076293945,56.29999923706055,62.20000076293945,656061
2022-01-18,65.30000305175781,65.30000305175781,63.45000076293945,65.30000305175781,738201
2022-01-19,68.55000305175781,68.55000305175781,68.0,68.55000305175781,331597
2022-01-20,71.94999694824219,71.94999694824219,71.94999694824219,71.94999694824219,218237
2022-01-21,75.5,75.5,72.0,73.25,1272970
2022-01-24,70.0999984741211,71.75,69.5999984741211,69.5999984741211,158183
2022-01-25,66.1500015258789,66.1500015258789,66.1500015258789,66.1500015258789,106894
2022-01-27,62.849998474121094,69.44999694824219,62.849998474121094,69.44999694824219,625569
2022-01-28,70.9000015258789,72.9000015258789,68.5,71.0,372123
2022-01-31,69.5,74.55000305175781,67.44999694824219,71.80000305175781,375891
2022-02-01,69.9000015258789,72.9000015258789,68.25,68.30000305175781,200373
2022-02-02,66.5,69.69999694824219,65.0,65.75,156395
2022-02-03,65.0,67.3499984741211,62.5,62.650001525878906,361903
2022-02-04,60.099998474121094,63.900001525878906,59.599998474121094,60.150001525878906,277092
2022-02-07,61.650001525878906,63.0,57.20000076293945,57.95000076293945,319807
2022-02-08,58.95000076293945,60.79999923706055,55.099998474121094,59.650001525878906,428583
2022-02-09,61.75,61.75,57.599998474121094,61.29999923706055,168321
2022-02-10,60.400001525878906,62.900001525878906,60.0,62.0,174569
2022-02-11,60.0,60.5,58.900001525878906,59.20000076293945,159166
2022-02-14,56.349998474121094,58.20000076293945,56.25,56.25,156098
2022-02-15,53.5,56.25,53.45000076293945,54.849998474121094,284799
2022-02-16,55.5,57.349998474121094,52.150001525878906,52.849998474121094,256954
2022-02-17,52.20000076293945,55.45000076293945,52.20000076293945,53.0,107544
2022-02-18,50.75,53.0,50.349998474121094,50.45000076293945,149662
2022-02-21,49.0,49.900001525878906,47.95000076293945,47.95000076293945,187414
2022-02-22,45.599998474121094,46.5,45.599998474121094,45.599998474121094,84954
2022-02-23,43.79999923706055,47.25,43.400001525878906,44.650001525878906,225423
2022-02-24,43.400001525878906,43.400001525878906,42.45000076293945,42.45000076293945,28616
2022-02-25,40.400001525878906,42.400001525878906,40.349998474121094,40.54999923706055,559120
2022-02-28,39.0,42.150001525878906,38.54999923706055,41.349998474121094,350165
2022-03-02,40.900001525878906,43.400001525878906,40.25,43.400001525878906,248763
2022-03-03,45.54999923706055,45.54999923706055,45.5,45.54999923706055,129542
2022-03-04,46.900001525878906,47.79999923706055,46.29999923706055,47.79999923706055,248776
2022-03-07,46.79999923706055,46.79999923706055,45.45000076293945,45.45000076293945,102392
2022-03-08,43.20000076293945,45.900001525878906,43.20000076293945,43.20000076293945,174962
2022-03-09,41.099998474121094,45.349998474121094,41.099998474121094,45.349998474121094,137391
2022-03-10,47.599998474121094,47.599998474121094,47.599998474121094,47.599998474121094,58918
2022-03-11,49.0,49.95000076293945,48.0,49.95000076293945,153081
2022-03-14,52.20000076293945,52.400001525878906,50.04999923706055,52.400001525878906,134580
2022-03-15,55.0,55.0,51.099998474121094,52.5,315981
2022-03-16,53.45000076293945,54.5,52.29999923706055,53.099998474121094,173583
2022-03-17,54.5,54.5,51.5,52.650001525878906,170401
2022-03-21,51.5,54.45000076293945,50.04999923706055,50.25,134734
2022-03-22,48.0,50.849998474121094,48.0,50.150001525878906,467087
2022-03-23,52.0,52.650001525878906,51.900001525878906,52.650001525878906,57429
2022-03-24,52.0,53.5,50.04999923706055,50.5,1046700
2022-03-25,52.20000076293945,52.20000076293945,49.0,49.25,705661
2022-03-28,48.099998474121094,51.70000076293945,46.849998474121094,47.900001525878906,541349
2022-03-29,47.099998474121094,50.0,46.04999923706055,46.70000076293945,527770
2022-03-30,45.79999923706055,49.0,45.79999923706055,49.0,803966
2022-03-31,51.45000076293945,51.45000076293945,50.25,51.45000076293945,97913
2022-04-01,54.0,54.0,54.0,54.0,56825
2022-04-04,56.70000076293945,56.70000076293945,53.20000076293945,55.25,580569
2022-04-05,52.5,56.20000076293945,52.5,54.79999923706055,1097495
2022-04-06,54.400001525878906,57.5,52.79999923706055,57.5,236882
2022-04-07,60.349998474121094,60.349998474121094,58.0,59.150001525878906,443737
2022-04-08,60.29999923706055,60.29999923706055,56.20000076293945,57.29999923706055,179767
2022-04-11,57.95000076293945,60.0,54.54999923706055,57.5,155088
2022-04-12,57.0,59.29999923706055,54.650001525878906,54.95000076293945,269529
2022-04-13,54.54999923706055,55.95000076293945,52.25,52.29999923706055,212001
2022-04-18,52.0,54.70000076293945,50.5,53.599998474121094,189650
2022-04-19,54.29999923706055,56.25,53.5,54.29999923706055,253180
2022-04-20,54.20000076293945,55.79999923706055,52.5,53.349998474121094,144184
2022-04-21,54.099998474121094,55.0,52.0,52.54999923706055,144934
2022-04-22,51.5,54.0,51.5,52.95000076293945,97609
2022-04-25,52.900001525878906,52.900001525878906,50.349998474121094,50.349998474121094,165554
2022-04-26,48.0,51.400001525878906,48.0,48.849998474121094,257342
2022-04-27,48.650001525878906,48.650001525878906,46.54999923706055,46.95000076293945,197311
2022-04-28,49.20000076293945,49.25,48.099998474121094,49.25,86774
2022-04-29,51.20000076293945,51.29999923706055,46.79999923706055,46.849998474121094,368349
2022-05-02,47.400001525878906,49.150001525878906,45.0,45.54999923706055,118426
2022-05-04,46.5,47.79999923706055,46.0,46.95000076293945,150156
2022-05-05,48.0,49.0,47.0,47.099998474121094,103300
2022-05-06,48.54999923706055,48.54999923706055,44.75,45.70000076293945,172932
2022-05-09,45.0,47.95000076293945,43.650001525878906,45.400001525878906,279540
2022-05-10,45.5,47.650001525878906,44.599998474121094,45.20000076293945,155896
2022-05-11,46.70000076293945,46.70000076293945,42.95000076293945,44.099998474121094,224213
2022-05-12,42.599998474121094,45.29999923706055,42.599998474121094,44.400001525878906,124217
2022-05-13,46.400001525878906,46.5,42.20000076293945,42.900001525878906,226842
2022-05-16,43.75,45.0,41.5,43.20000076293945,148199
2022-05-17,43.20000076293945,45.349998474121094,43.20000076293945,45.04999923706055,148711
2022-05-18,45.25,45.849998474121094,43.20000076293945,43.650001525878906,157229
2022-05-19,42.099998474121094,44.20000076293945,42.099998474121094,43.70000076293945,55135
2022-05-20,45.0,45.79999923706055,44.5,45.599998474121094,70320
2022-05-23,46.900001525878906,47.0,44.5,45.0,49991
2022-05-24,44.5,46.0,43.54999923706055,44.349998474121094,38668
2022-05-25,44.0,45.95000076293945,42.5,42.75,41813
2022-05-26,41.599998474121094,44.0,41.599998474121094,43.04999923706055,105989
2022-05-27,43.099998474121094,45.0,42.79999923706055,44.29999923706055,113972
2022-05-30,45.20000076293945,46.5,44.900001525878906,46.5,193415
2022-05-31,47.0,48.79999923706055,44.54999923706055,48.79999923706055,225574
2022-06-01,51.0,51.20000076293945,47.650001525878906,49.849998474121094,304866
2022-06-02,48.79999923706055,52.29999923706055,48.5,51.25,234819
2022-06-03,52.900001525878906,52.900001525878906,48.70000076293945,48.70000076293945,211632
2022-06-06,48.95000076293945,49.349998474121094,46.45000076293945,46.900001525878906,84291
2022-06-07,46.5,47.75,46.0,46.25,123269
2022-06-08,47.20000076293945,48.54999923706055,44.5,45.0,202926
2022-06-09,46.29999923706055,46.45000076293945,42.75,44.54999923706055,197102
2022-06-10,44.70000076293945,44.95000076293945,42.650001525878906,43.54999923706055,65032
2022-06-13,44.0,44.0,41.400001525878906,42.04999923706055,192866
2022-06-14,42.04999923706055,43.099998474121094,40.25,41.95000076293945,130729
2022-06-15,42.5,43.0,40.349998474121094,41.099998474121094,74733
2022-06-16,42.5,42.5,39.04999923706055,40.20000076293945,151657
2022-06-17,39.5,39.5,38.20000076293945,38.20000076293945,181422
2022-06-20,37.29999923706055,38.29999923706055,36.29999923706055,36.29999923706055,92776
2022-06-21,37.349998474121094,38.099998474121094,35.70000076293945,38.04999923706055,132627
2022-06-22,38.04999923706055,38.349998474121094,36.349998474121094,36.70000076293945,56883
2022-06-23,36.75,38.25,36.75,37.95000076293945,28199
2022-06-24,38.849998474121094,38.95000076293945,37.79999923706055,38.70000076293945,63324
2022-06-27,39.5,40.5,38.75,39.0,65337
2022-06-28,39.5,39.5,37.20000076293945,38.54999923706055,110999
2022-06-29,37.54999923706055,38.70000076293945,37.45000076293945,38.29999923706055,60416
2022-06-30,38.95000076293945,38.95000076293945,36.54999923706055,36.75,71686
2022-07-01,37.900001525878906,37.900001525878906,35.20000076293945,35.45000076293945,66345
2022-07-04,35.20000076293945,36.95000076293945,34.650001525878906,35.349998474121094,65354
2022-07-05,35.25,36.54999923706055,35.150001525878906,35.54999923706055,40383
2022-07-06,35.54999923706055,36.400001525878906,34.900001525878906,35.95000076293945,63764
2022-07-07,36.599998474121094,36.599998474121094,35.349998474121094,35.900001525878906,36592
2022-07-08,36.599998474121094,36.599998474121094,35.0,35.400001525878906,106988
2022-07-11,35.599998474121094,37.150001525878906,35.45000076293945,37.150001525878906,112978
2022-07-12,38.25,39.0,38.25,39.0,41241
2022-07-13,40.95000076293945,40.95000076293945,40.95000076293945,40.95000076293945,14093
2022-07-14,42.95000076293945,42.95000076293945,38.95000076293945,39.349998474121094,245313
2022-07-15,40.0,41.29999923706055,40.0,41.29999923706055,190419
2022-07-18,43.349998474121094,43.349998474121094,43.349998474121094,43.349998474121094,25949
2022-07-19,45.5,45.5,45.5,45.5,23155
2022-07-20,47.75,47.75,45.599998474121094,46.599998474121094,454952
2022-07-21,47.29999923706055,47.54999923706055,44.29999923706055,46.900001525878906,167243
2022-07-22,47.5,49.0,45.45000076293945,45.79999923706055,150906
2022-07-25,47.099998474121094,47.099998474121094,44.0,44.150001525878906,75751
2022-07-26,45.0,45.0,43.099998474121094,43.25,51665
2022-07-27,44.25,44.25,42.0,43.04999923706055,68964
2022-07-28,43.0,44.95000076293945,43.0,44.29999923706055,22984
2022-07-29,43.5,45.5,43.20000076293945,44.650001525878906,80076
2022-08-01,45.95000076293945,46.5,45.099998474121094,46.20000076293945,61805
2022-08-02,46.5,47.25,44.25,46.45000076293945,51789
2022-08-03,47.0,47.099998474121094,44.599998474121094,44.95000076293945,68410
2022-08-04,46.0,46.0,44.04999923706055,44.849998474121094,56771
2022-08-05,45.79999923706055,45.79999923706055,42.650001525878906,43.900001525878906,79086
2022-08-08,43.599998474121094,44.349998474121094,42.0,42.95000076293945,55800
2022-08-10,42.0,43.5,41.75,42.04999923706055,59966
2022-08-11,43.20000076293945,43.20000076293945,39.95000076293945,40.79999923706055,65188
2022-08-12,41.150001525878906,41.20000076293945,38.95000076293945,39.900001525878906,52175
2022-08-16,39.900001525878906,40.79999923706055,38.099998474121094,39.54999923706055,39505
2022-08-17,39.75,40.349998474121094,38.25,40.20000076293945,42661
2022-08-18,40.25,40.599998474121094,38.25,38.70000076293945,138586
2022-08-19,39.20000076293945,40.599998474121094,38.5,40.54999923706055,62168
2022-08-22,41.400001525878906,42.0,39.099998474121094,39.599998474121094,48209
2022-08-23,39.70000076293945,40.95000076293945,39.0,40.5,42858
2022-08-24,41.29999923706055,42.5,39.099998474121094,40.5,67301
2022-08-25,40.75,40.75,39.5,39.79999923706055,42861
2022-08-26,40.400001525878906,41.25,39.0,39.25,59804
2022-08-29,38.95000076293945,39.900001525878906,37.29999923706055,37.29999923706055,617106
2022-08-30,36.900001525878906,39.150001525878906,35.70000076293945,38.900001525878906,199582
2022-09-01,38.79999923706055,39.25,38.0,38.54999923706055,81070
2022-09-02,38.95000076293945,39.75,38.5,38.79999923706055,103969
2022-09-05,40.0,40.0,38.5,39.20000076293945,120857
2022-09-06,39.5,40.70000076293945,38.599998474121094,39.0,56497
2022-09-07,39.0,39.5,38.150001525878906,39.04999923706055,54305
2022-09-08,39.04999923706055,41.0,38.099998474121094,41.0,177119
2022-09-09,41.70000076293945,43.04999923706055,41.29999923706055,42.0,186194
2022-09-12,43.20000076293945,43.849998474121094,42.20000076293945,43.150001525878906,87064
2022-09-13,43.29999923706055,43.849998474121094,41.29999923706055,41.650001525878906,85125
2022-09-14,41.25,42.5,40.5,41.20000076293945,96893
2022-09-15,41.79999923706055,42.599998474121094,41.150001525878906,41.349998474121094,55417
2022-09-16,41.79999923706055,41.79999923706055,39.29999923706055,40.20000076293945,103775
2022-09-19,40.599998474121094,40.95000076293945,39.099998474121094,39.5,63016
2022-09-20,39.5,41.400001525878906,39.0,40.25,203417
2022-09-21,40.0,40.95000076293945,38.599998474121094,39.0,72253
2022-09-22,40.0,40.5,38.099998474121094,38.599998474121094,142033
2022-09-23,38.400001525878906,40.0,38.349998474121094,39.45000076293945,139099
2022-09-26,39.150001525878906,39.45000076293945,37.5,38.20000076293945,73414
2022-09-27,39.75,39.75,37.5,37.849998474121094,60976
2022-09-28,37.79999923706055,38.900001525878906,37.0,37.349998474121094,71207
2022-09-29,38.650001525878906,38.650001525878906,35.5,35.5,104744
2022-09-30,35.20000076293945,37.25,35.20000076293945,37.25,67951
2022-10-03,38.29999923706055,38.29999923706055,35.54999923706055,37.04999923706055,61671
2022-10-04,37.150001525878906,38.29999923706055,35.20000076293945,36.599998474121094,85187
2022-10-06,37.0,37.79999923706055,35.5,36.0,113110
2022-10-07,36.0,37.79999923706055,36.0,37.79999923706055,129964
2022-10-10,37.20000076293945,37.900001525878906,36.5,37.5,53201
2022-10-11,37.900001525878906,38.04999923706055,36.0,36.650001525878906,79320
2022-10-12,37.79999923706055,37.79999923706055,35.099998474121094,36.400001525878906,83624
2022-10-13,36.54999923706055,36.75,34.20000076293945,34.79999923706055,107030
2022-10-14,36.0,36.70000076293945,35.25,35.54999923706055,57162
2022-10-17,36.0,36.0,34.599998474121094,35.150001525878906,48579
2022-10-18,35.0,35.54999923706055,34.400001525878906,34.79999923706055,88727
2022-10-19,34.849998474121094,35.349998474121094,32.95000076293945,34.45000076293945,80468
2022-10-20,34.45000076293945,35.29999923706055,33.900001525878906,34.650001525878906,51168
2022-10-21,35.349998474121094,35.349998474121094,33.400001525878906,33.95000076293945,59628
2022-10-24,34.04999923706055,35.0,34.0,34.599998474121094,34905
2022-10-25,33.79999923706055,34.75,33.29999923706055,33.599998474121094,78167
2022-10-27,34.29999923706055,34.29999923706055,31.049999237060547,31.700000762939453,208993
2022-10-28,31.700000762939453,32.849998474121094,31.5,32.599998474121094,99990
2022-10-31,32.95000076293945,33.0,31.799999237060547,31.950000762939453,44338
2022-11-01,32.599998474121094,35.099998474121094,32.04999923706055,35.099998474121094,189759
2022-11-02,37.79999923706055,38.599998474121094,37.099998474121094,38.599998474121094,235184
2022-11-03,41.25,42.45000076293945,39.5,40.849998474121094,1078871
2022-11-04,40.849998474121094,41.349998474121094,39.150001525878906,39.599998474121094,116994
2022-11-07,39.150001525878906,40.400001525878906,38.099998474121094,38.25,80000
2022-11-09,37.54999923706055,39.099998474121094,37.54999923706055,38.45000076293945,73515
2022-11-10,37.79999923706055,39.79999923706055,37.79999923706055,38.349998474121094,47416
2022-11-11,37.650001525878906,39.0,37.29999923706055,37.70000076293945,56556
2022-11-14,37.70000076293945,38.45000076293945,36.29999923706055,36.900001525878906,41399
2022-11-15,36.150001525878906,36.900001525878906,35.20000076293945,35.29999923706055,70029
2022-11-16,36.0,36.0,34.0,34.04999923706055,110007
2022-11-17,34.0,35.75,33.900001525878906,35.75,39492
2022-11-18,37.5,37.5,36.20000076293945,37.400001525878906,315079
2022-11-21,36.099998474121094,37.650001525878906,35.900001525878906,36.29999923706055,92525
2022-11-22,37.04999923706055,37.5,35.95000076293945,36.29999923706055,50119
2022-11-23,37.70000076293945,37.70000076293945,36.0,36.349998474121094,47940
2022-11-24,36.04999923706055,37.20000076293945,36.0,36.75,59292
2022-11-25,37.70000076293945,37.70000076293945,36.29999923706055,36.79999923706055,42952
2022-11-28,36.79999923706055,38.400001525878906,36.5,38.0,91830
2022-11-29,38.0,38.54999923706055,37.0,37.150001525878906,35166
2022-11-30,36.5,37.900001525878906,36.25,37.0,56569
2022-12-01,36.70000076293945,37.349998474121094,36.400001525878906,36.75,53200
2022-12-02,36.900001525878906,37.29999923706055,36.599998474121094,36.79999923706055,38667
2022-12-05,36.900001525878906,37.0,36.20000076293945,36.25,34513
2022-12-06,37.0,37.5,36.20000076293945,36.599998474121094,31126
2022-12-07,36.900001525878906,37.29999923706055,36.5,36.650001525878906,57726
2022-12-08,36.650001525878906,37.099998474121094,35.599998474121094,35.95000076293945,53945
2022-12-09,36.099998474121094,36.099998474121094,34.79999923706055,35.0,79210
2022-12-12,35.0,35.0,34.29999923706055,34.5,38361
2022-12-13,33.849998474121094,36.79999923706055,33.79999923706055,35.650001525878906,128632
2022-12-14,36.0,36.0,34.349998474121094,34.599998474121094,91418
2022-12-15,35.0,36.400001525878906,34.70000076293945,35.45000076293945,70389
2022-12-16,35.45000076293945,36.29999923706055,34.0,34.900001525878906,109750
2022-12-19,35.54999923706055,36.0,34.5,35.5,56105
2022-12-20,36.599998474121094,36.95000076293945,34.150001525878906,34.349998474121094,164624
2022-12-21,34.95000076293945,35.099998474121094,32.900001525878906,33.79999923706055,180810
2022-12-22,33.5,34.0,32.0,32.849998474121094,84415
2022-12-23,30.350000381469727,32.5,29.600000381469727,29.850000381469727,208325
2022-12-26,30.5,32.79999923706055,29.600000381469727,32.79999923706055,57749
2022-12-27,33.400001525878906,33.650001525878906,31.649999618530273,33.150001525878906,92645
2022-12-28,32.29999923706055,33.5,32.29999923706055,33.099998474121094,26405
2022-12-29,32.5,33.0,32.04999923706055,32.70000076293945,38729
2022-12-30,33.75,33.75,32.5,32.54999923706055,107361
2023-01-02,32.70000076293945,33.400001525878906,32.400001525878906,32.54999923706055,40462
2023-01-03,33.54999923706055,33.54999923706055,32.099998474121094,32.70000076293945,49296
2023-01-04,32.70000076293945,33.5,31.5,32.04999923706055,112540
2023-01-05,32.849998474121094,32.849998474121094,31.600000381469727,32.150001525878906,36659
2023-01-06,32.349998474121094,32.5,31.700000762939453,32.04999923706055,28766
2023-01-09,32.150001525878906,32.5,31.549999237060547,31.799999237060547,62586
2023-01-10,31.350000381469727,33.099998474121094,30.200000762939453,31.299999237060547,120955
2023-01-11,31.100000381469727,31.850000381469727,29.850000381469727,30.75,132063
2023-01-12,31.299999237060547,31.299999237060547,29.700000762939453,30.100000381469727,94268
2023-01-13,30.149999618530273,31.25,30.0,30.549999237060547,48134
2023-01-16,31.450000762939453,31.450000762939453,29.950000762939453,30.149999618530273,61896
2023-01-17,30.549999237060547,32.599998474121094,30.350000381469727,32.150001525878906,138243
2023-01-18,32.849998474121094,32.849998474121094,31.149999618530273,31.700000762939453,77441
2023-01-19,31.649999618530273,32.400001525878906,30.700000762939453,30.799999237060547,75135
2023-01-20,31.0,31.649999618530273,30.549999237060547,30.799999237060547,49537
2023-01-23,31.399999618530273,32.400001525878906,30.5,31.450000762939453,67965
2023-01-24,32.0,32.79999923706055,31.25,31.450000762939453,84149
2023-01-25,31.049999237060547,31.399999618530273,29.799999237060547,30.25,118807
2023-01-27,30.399999618530273,30.649999618530273,29.0,30.0,54040
2023-01-30,30.0,31.5,29.299999237060547,29.600000381469727,84220
2023-01-31,30.25,30.899999618530273,28.899999618530273,29.899999618530273,137082
2023-02-01,30.450000762939453,30.75,29.649999618530273,30.25,67199
2023-02-02,30.75,31.450000762939453,30.0,30.799999237060547,46029
2023-02-03,31.899999618530273,31.899999618530273,29.700000762939453,30.600000381469727,104120
2023-02-06,30.299999237060547,31.0,29.799999237060547,30.0,68812
2023-02-07,30.600000381469727,30.700000762939453,29.5,30.0,24518
2023-02-08,29.850000381469727,30.950000762939453,29.450000762939453,30.5,79806
2023-02-09,30.200000762939453,33.20000076293945,30.149999618530273,31.850000381469727,170644
2023-02-10,30.200000762939453,30.299999237060547,28.549999237060547,29.5,319019
2023-02-13,29.149999618530273,29.549999237060547,28.700000762939453,28.899999618530273,69630
2023-02-14,28.950000762939453,29.399999618530273,28.0,28.149999618530273,77413
2023-02-15,28.049999237060547,30.25,28.0,29.450000762939453,120110
2023-02-16,30.799999237060547,30.950000762939453,30.100000381469727,30.350000381469727,62958
2023-02-17,30.899999618530273,31.549999237060547,28.600000381469727,29.100000381469727,111868
2023-02-20,29.149999618530273,30.25,27.600000381469727,28.0,98865
2023-02-21,28.5,28.5,25.899999618530273,26.950000762939453,147015
2023-02-22,26.600000381469727,27.450000762939453,22.649999618530273,24.700000762939453,333820
2023-02-23,25.0,26.5,22.649999618530273,25.100000381469727,271247
2023-02-24,26.899999618530273,29.5,24.75,27.950000762939453,449832
2023-02-27,28.0,29.399999618530273,27.200000762939453,29.049999237060547,155857
2023-02-28,29.600000381469727,29.600000381469727,28.100000381469727,28.450000762939453,71594
2023-03-01,28.5,28.799999237060547,27.350000381469727,27.700000762939453,68584
2023-03-02,27.5,28.5,26.600000381469727,26.950000762939453,173359
2023-03-03,26.700000762939453,29.799999237060547,26.700000762939453,27.299999237060547,169387
2023-03-06,28.450000762939453,28.450000762939453,27.299999237060547,27.5,31853
2023-03-08,28.049999237060547,28.100000381469727,27.0,27.549999237060547,51418
2023-03-09,28.350000381469727,28.350000381469727,27.399999618530273,27.549999237060547,49081
2023-03-10,26.649999618530273,27.75,26.649999618530273,26.950000762939453,62517
2023-03-13,27.0,27.450000762939453,25.899999618530273,26.100000381469727,96274
2023-03-14,25.700000762939453,26.25,24.5,25.649999618530273,92754
2023-03-15,26.25,26.850000381469727,24.0,24.600000381469727,99940
2023-03-16,24.200000762939453,24.850000381469727,23.600000381469727,24.100000381469727,142976
2023-03-17,24.350000381469727,24.899999618530273,23.899999618530273,24.149999618530273,75336
2023-03-20,24.450000762939453,24.799999237060547,23.149999618530273,23.700000762939453,80281
2023-03-21,24.200000762939453,25.5,23.100000381469727,23.700000762939453,121682
2023-03-22,23.75,24.950000762939453,23.5,23.75,147587
2023-03-23,23.75,24.149999618530273,23.049999237060547,23.399999618530273,175493
2023-03-24,23.899999618530273,23.899999618530273,22.549999237060547,22.950000762939453,63208
2023-03-27,22.950000762939453,22.950000762939453,22.0,22.399999618530273,106309
2023-03-28,22.399999618530273,22.549999237060547,20.799999237060547,21.100000381469727,305305
2023-03-29,20.700000762939453,22.5,20.700000762939453,21.299999237060547,219714
2023-03-31,21.75,23.850000381469727,21.25,22.100000381469727,148254
2023-04-03,22.200000762939453,25.799999237060547,22.200000762939453,25.299999237060547,226170
2023-04-05,25.850000381469727,29.649999618530273,25.600000381469727,28.799999237060547,345695
2023-04-06,30.0,30.0,27.350000381469727,28.25,151900
2023-04-10,29.0,29.100000381469727,27.049999237060547,27.5,170977
2023-04-11,27.399999618530273,28.0,26.549999237060547,26.850000381469727,40318
2023-04-12,26.25,29.0,26.25,28.149999618530273,96120
2023-04-13,28.149999618530273,31.5,28.149999618530273,30.75,337559
2023-04-17,31.899999618530273,32.650001525878906,30.299999237060547,30.950000762939453,125411
2023-04-18,30.5,32.599998474121094,30.049999237060547,30.700000762939453,133989
2023-04-19,30.200000762939453,31.899999618530273,30.200000762939453,31.049999237060547,74195
2023-04-20,30.600000381469727,31.399999618530273,30.399999618530273,30.600000381469727,38000
2023-04-21,30.600000381469727,31.049999237060547,29.25,29.549999237060547,48325
2023-04-24,29.75,30.149999618530273,28.5,29.100000381469727,31231
2023-04-25,29.049999237060547,30.549999237060547,28.600000381469727,28.799999237060547,47618
2023-04-26,28.799999237060547,34.54999923706055,28.799999237060547,34.400001525878906,1037644
2023-04-27,35.0,35.45000076293945,33.25,34.5,408327
2023-04-28,34.900001525878906,35.0,33.29999923706055,34.349998474121094,135603
2023-05-02,34.04999923706055,34.349998474121094,32.150001525878906,32.70000076293945,71137
2023-05-03,32.099998474121094,34.0,31.700000762939453,32.150001525878906,91493
2023-05-04,32.900001525878906,35.400001525878906,32.099998474121094,33.849998474121094,167953
2023-05-05,34.20000076293945,34.70000076293945,32.900001525878906,33.099998474121094,58745
2023-05-08,33.150001525878906,34.29999923706055,32.29999923706055,32.849998474121094,58978
2023-05-09,33.0,37.79999923706055,32.95000076293945,35.95000076293945,389950
2023-05-10,36.0,37.20000076293945,35.150001525878906,36.599998474121094,161879
2023-05-11,35.900001525878906,36.75,35.70000076293945,35.900001525878906,57419
2023-05-12,35.849998474121094,36.79999923706055,34.70000076293945,35.599998474121094,54189
2023-05-15,35.04999923706055,35.54999923706055,33.79999923706055,34.099998474121094,82841
2023-05-16,34.849998474121094,35.099998474121094,34.150001525878906,34.349998474121094,61016
2023-05-17,34.599998474121094,34.79999923706055,32.70000076293945,33.29999923706055,50599
2023-05-18,34.70000076293945,34.70000076293945,33.04999923706055,33.5,56529
2023-05-19,33.95000076293945,34.70000076293945,33.5,34.04999923706055,34509
2023-05-22,34.099998474121094,34.599998474121094,33.5,33.54999923706055,27257
2023-05-23,33.95000076293945,34.900001525878906,30.899999618530273,31.75,166385
2023-05-24,31.950000762939453,32.95000076293945,31.649999618530273,31.899999618530273,52350
2023-05-25,31.950000762939453,33.70000076293945,31.950000762939453,32.599998474121094,29724
2023-05-26,32.95000076293945,33.5,32.099998474121094,32.400001525878906,30008
2023-05-29,32.400001525878906,36.900001525878906,32.29999923706055,34.849998474121094,542741
2023-05-30,35.0,35.0,33.099998474121094,33.349998474121094,75803
2023-05-31,34.0,34.95000076293945,31.700000762939453,33.0,134006
2023-06-01,33.599998474121094,34.70000076293945,32.400001525878906,32.70000076293945,81131
2023-06-02,33.20000076293945,34.5,32.70000076293945,33.29999923706055,130375
2023-06-05,33.599998474121094,34.04999923706055,32.70000076293945,32.849998474121094,82756
2023-06-06,33.0,33.25,32.0,32.45000076293945,75192
2023-06-07,32.45000076293945,32.599998474121094,31.799999237060547,32.04999923706055,82188
2023-06-08,32.04999923706055,32.25,30.549999237060547,31.149999618530273,103137
2023-06-09,31.25,32.900001525878906,30.600000381469727,30.850000381469727,181519
2023-06-12,30.700000762939453,31.450000762939453,30.049999237060547,30.299999237060547,133280
2023-06-13,30.549999237060547,30.899999618530273,29.850000381469727,30.25,133117
2023-06-14,30.700000762939453,31.149999618530273,30.100000381469727,30.399999618530273,88095
2023-06-15,30.25,30.700000762939453,29.799999237060547,30.100000381469727,72635
2023-06-16,30.100000381469727,30.700000762939453,30.100000381469727,30.149999618530273,100658
2023-06-19,30.75,30.75,29.899999618530273,30.100000381469727,47922
2023-06-20,30.0,30.450000762939453,29.950000762939453,30.049999237060547,36097
2023-06-21,30.5,34.20000076293945,29.899999618530273,32.20000076293945,501532
2023-06-22,32.70000076293945,33.099998474121094,29.600000381469727,30.350000381469727,337333
2023-06-23,30.700000762939453,31.350000381469727,30.200000762939453,30.600000381469727,141717
2023-06-26,30.850000381469727,31.649999618530273,30.5,30.649999618530273,65596
2023-06-27,30.549999237060547,31.399999618530273,30.549999237060547,30.850000381469727,42774
2023-06-28,31.25,31.5,29.700000762939453,29.899999618530273,105082
2023-06-30,29.5,30.299999237060547,29.25,29.799999237060547,75332
2023-07-03,29.299999237060547,30.5,29.299999237060547,30.0,83178
2023-07-04,30.75,30.75,28.600000381469727,29.5,147594
2023-07-05,29.5,31.899999618530273,29.299999237060547,31.0,136217
2023-07-06,31.5,31.700000762939453,30.5,30.75,83682
2023-07-07,30.75,31.950000762939453,30.200000762939453,31.350000381469727,138110
2023-07-10,30.549999237060547,31.700000762939453,30.549999237060547,31.25,76506
2023-07-11,31.0,31.0,29.5,29.899999618530273,278988
2023-07-12,30.299999237060547,30.299999237060547,29.100000381469727,29.200000762939453,167060
2023-07-13,29.25,29.649999618530273,28.799999237060547,28.950000762939453,147078
2023-07-14,29.100000381469727,34.70000076293945,29.100000381469727,34.70000076293945,1860161
2023-07-17,35.099998474121094,36.29999923706055,33.400001525878906,33.849998474121094,1138205
2023-07-18,33.849998474121094,34.900001525878906,32.79999923706055,33.54999923706055,413334
2023-07-19,34.0,40.25,33.849998474121094,39.95000076293945,1956488
2023-07-20,40.79999923706055,43.54999923706055,40.29999923706055,41.599998474121094,1782703
2023-07-21,41.0,42.04999923706055,39.099998474121094,40.29999923706055,447333
2023-07-24,41.45000076293945,42.5,38.900001525878906,39.45000076293945,260630
2023-07-25,39.70000076293945,42.79999923706055,38.95000076293945,39.20000076293945,697263
2023-07-26,39.70000076293945,42.0,38.95000076293945,39.95000076293945,287657
2023-07-27,40.79999923706055,40.79999923706055,39.5,39.849998474121094,224121
2023-07-28,40.5,40.5,38.29999923706055,38.75,211991
2023-07-31,38.900001525878906,39.79999923706055,38.0,38.45000076293945,187693
2023-08-01,38.849998474121094,41.099998474121094,38.349998474121094,39.099998474121094,284370
2023-08-02,39.29999923706055,40.0,37.5,38.79999923706055,134397
2023-08-03,38.75,39.20000076293945,37.599998474121094,38.29999923706055,106480
2023-08-04,38.29999923706055,41.0,38.25,39.400001525878906,378944
2023-08-07,39.95000076293945,41.900001525878906,39.150001525878906,39.95000076293945,380339
2023-08-08,40.54999923706055,41.5,39.5,40.650001525878906,237591
2023-08-09,42.099998474121094,44.650001525878906,40.70000076293945,42.400001525878906,1376017
2023-08-10,43.400001525878906,45.29999923706055,43.0,43.95000076293945,769726
2023-08-11,44.20000076293945,45.70000076293945,42.04999923706055,42.25,294471
2023-08-14,42.25,44.599998474121094,41.0,42.900001525878906,403589
2023-08-16,42.70000076293945,46.349998474121094,41.25,45.04999923706055,751245
2023-08-17,49.95000076293945,54.04999923706055,48.599998474121094,54.04999923706055,4180775
2023-08-18,57.0,57.5,50.599998474121094,51.70000076293945,3768977
2023-08-21,52.0,54.0,50.20000076293945,51.79999923706055,778108
2023-08-22,51.900001525878906,51.900001525878906,49.25,49.349998474121094,217756
2023-08-23,47.70000076293945,48.5,46.900001525878906,46.900001525878906,110498
2023-08-24,46.400001525878906,49.20000076293945,44.54999923706055,47.25,396320
2023-08-25,47.79999923706055,48.400001525878906,45.54999923706055,46.650001525878906,117229
2023-08-28,46.0,47.5,44.349998474121094,44.54999923706055,166983
2023-08-29,44.900001525878906,46.75,43.04999923706055,46.150001525878906,124212
2023-08-30,46.900001525878906,46.900001525878906,44.04999923706055,44.79999923706055,82432
2023-08-31,44.849998474121094,45.5,43.099998474121094,43.54999923706055,103699
2023-09-01,44.099998474121094,44.900001525878906,42.0,43.849998474121094,133892
2023-09-04,44.400001525878906,44.400001525878906,42.5,42.79999923706055,163581
2023-09-05,42.95000076293945,44.900001525878906,42.150001525878906,44.900001525878906,343480
2023-09-06,45.650001525878906,47.099998474121094,45.650001525878906,47.099998474121094,197803
2023-09-07,48.95000076293945,49.45000076293945,47.25,49.25,312988
2023-09-08,50.400001525878906,51.0,48.25,49.650001525878906,144178
2023-09-11,50.400001525878906,52.099998474121094,49.5,50.04999923706055,254195
2023-09-12,50.04999923706055,50.95000076293945,47.54999923706055,47.75,101908
2023-09-13,46.79999923706055,46.79999923706055,46.79999923706055,46.79999923706055,14394
2023-09-14,46.0,46.04999923706055,45.900001525878906,46.0,71989
2023-09-15,46.25,46.25,46.04999923706055,46.25,111825
2023-09-18,46.0,46.099998474121094,46.0,46.0,97605
2023-09-20,45.95000076293945,46.20000076293945,45.79999923706055,45.95000076293945,27965
2023-09-21,46.099998474121094,46.099998474121094,45.5,46.099998474121094,30838
2023-09-22,46.099998474121094,46.900001525878906,46.0,46.099998474121094,117799
2023-09-25,47.0,47.0,46.099998474121094,47.0,73869
2023-09-26,47.900001525878906,47.900001525878906,47.900001525878906,47.900001525878906,50024
2023-09-27,48.849998474121094,48.849998474121094,48.849998474121094,48.849998474121094,34718
2023-09-28,49.5,49.79999923706055,49.5,49.5,144301
2023-09-29,50.45000076293945,50.45000076293945,50.45000076293945,50.45000076293945,72664
2023-10-03,49.45000076293945,49.45000076293945,49.45000076293945,49.45000076293945,64354
2023-10-04,48.5,48.5,48.5,48.5,16984
2023-10-05,47.54999923706055,47.54999923706055,47.54999923706055,47.54999923706055,20945
2023-10-06,46.599998474121094,46.70000076293945,46.599998474121094,46.599998474121094,56819
2023-10-09,45.70000076293945,45.70000076293945,45.70000076293945,45.70000076293945,38595
2023-10-10,46.599998474121094,46.599998474121094,45.04999923706055,46.599998474121094,31496
2023-10-11,46.5,47.20000076293945,45.70000076293945,46.5,42792
2023-10-12,47.04999923706055,47.04999923706055,46.900001525878906,47.04999923706055,39023
2023-10-13,47.95000076293945,47.95000076293945,47.95000076293945,47.95000076293945,78445
2023-10-16,49.849998474121094,50.29999923706055,48.650001525878906,50.150001525878906,331769
2023-10-17,49.5,50.599998474121094,48.20000076293945,49.099998474121094,114294
2023-10-18,49.099998474121094,50.0,48.0,48.400001525878906,89939
2023-10-19,48.400001525878906,50.349998474121094,48.349998474121094,48.5,123955
2023-10-20,49.599998474121094,49.599998474121094,46.099998474121094,47.75,130305
2023-10-23,47.900001525878906,48.0,45.400001525878906,45.400001525878906,127692
2023-10-25,45.400001525878906,46.0,43.150001525878906,43.150001525878906,134872
2023-10-26,41.95000076293945,45.29999923706055,41.0,44.900001525878906,369654
2023-10-27,45.75,46.599998474121094,44.400001525878906,45.150001525878906,76976
2023-10-30,45.849998474121094,45.849998474121094,44.20000076293945,44.5,59613
2023-10-31,44.54999923706055,45.599998474121094,44.29999923706055,44.75,41392
2023-11-01,44.599998474121094,44.599998474121094,43.5,43.900001525878906,49527
2023-11-02,43.29999923706055,46.0,43.29999923706055,44.04999923706055,66344
2023-11-03,44.400001525878906,46.25,44.20000076293945,46.25,75071
2023-11-06,47.0,48.54999923706055,45.20000076293945,48.54999923706055,217388
2023-11-07,49.5,50.95000076293945,48.599998474121094,50.5,278637
2023-11-08,52.95000076293945,52.95000076293945,50.0,51.54999923706055,307851
2023-11-09,54.0,54.099998474121094,49.79999923706055,51.099998474121094,160203
2023-11-10,50.099998474121094,50.099998474121094,50.099998474121094,50.099998474121094,31782
2023-11-13,52.04999923706055,52.04999923706055,52.04999923706055,52.04999923706055,151083
2023-11-15,52.0,53.0,52.0,52.0,115839
2023-11-16,51.0,52.0,51.0,51.0,37975
2023-11-17,50.0,50.5,50.0,50.0,36027
2023-11-20,51.0,51.0,49.0,51.0,187970
2023-11-21,52.0,52.0,51.900001525878906,52.0,332428
2023-11-22,51.04999923706055,51.900001525878906,51.0,51.04999923706055,48877
2023-11-23,50.150001525878906,50.150001525878906,50.04999923706055,50.150001525878906,88757
2023-11-24,50.45000076293945,50.45000076293945,50.0,50.45000076293945,43476
2023-11-28,50.0,50.150001525878906,50.0,50.0,77632
2023-11-29,50.599998474121094,50.599998474121094,50.0,50.599998474121094,102381
2023-11-30,50.0,50.04999923706055,50.0,50.0,66017
2023-12-01,49.0,49.5,49.0,49.0,39291
2023-12-04,49.099998474121094,49.95000076293945,49.099998474121094,49.099998474121094,59391
2023-12-05,48.20000076293945,49.099998474121094,48.20000076293945,48.20000076293945,29855
2023-12-06,48.04999923706055,48.20000076293945,48.0,48.04999923706055,40628
2023-12-07,48.0,48.0,47.099998474121094,48.0,98723
2023-12-08,48.0,48.0,47.20000076293945,48.0,76170
2023-12-11,47.04999923706055,47.04999923706055,47.04999923706055,47.04999923706055,36837
2023-12-12,47.900001525878906,47.900001525878906,47.0,47.900001525878906,118682
2023-12-13,48.04999923706055,48.04999923706055,47.400001525878906,48.04999923706055,114747
2023-12-14,49.0,49.0,48.04999923706055,49.0,78843
2023-12-15,49.95000076293945,49.95000076293945,49.0,49.95000076293945,97096
2023-12-18,52.0,52.400001525878906,48.75,52.400001525878906,300937
2023-12-19,53.79999923706055,55.0,53.150001525878906,55.0,439517
2023-12-20,57.75,57.75,52.29999923706055,53.25,530035
2023-12-21,51.0,55.900001525878906,51.0,55.900001525878906,222550
2023-12-22,57.5,58.650001525878906,57.349998474121094,58.650001525878906,348609
2023-12-26,61.54999923706055,61.54999923706055,61.54999923706055,61.54999923706055,147367
2023-12-27,64.5999984741211,64.5999984741211,64.5999984741211,64.5999984741211,107583
2023-12-28,65.8499984741211,65.8499984741211,65.8499984741211,65.8499984741211,117962
2023-12-29,67.1500015258789,67.1500015258789,67.1500015258789,67.1500015258789,67521
2024-01-01,67.1500015258789,68.44999694824219,67.1500015258789,67.1500015258789,208461
2024-01-02,65.80000305175781,65.80000305175781,65.80000305175781,65.80000305175781,27385
2024-01-03,67.0,67.0,64.5,67.0,255727
2024-01-04,68.30000305175781,68.30000305175781,68.30000305175781,68.30000305175781,229842
2024-01-05,69.0,69.6500015258789,69.0,69.0,233432
2024-01-08,70.0,70.3499984741211,69.75,70.0,181260
2024-01-09,69.0,71.0,69.0,69.0,131763
2024-01-10,67.6500015258789,67.6500015258789,67.6500015258789,67.6500015258789,120031
2024-01-11,67.1500015258789,67.1500015258789,66.30000305175781,67.1500015258789,238403
2024-01-12,65.80000305175781,66.9000015258789,65.80000305175781,65.80000305175781,91996
2024-01-15,65.0,65.0,64.5,65.0,63772
2024-01-16,63.70000076293945,64.6500015258789,63.70000076293945,63.70000076293945,92746
2024-01-17,62.45000076293945,63.0,62.45000076293945,62.45000076293945,45731
2024-01-18,61.20000076293945,61.20000076293945,61.20000076293945,61.20000076293945,47887
2024-01-19,60.0,62.400001525878906,60.0,60.0,197867
2024-01-23,57.650001525878906,57.650001525878906,57.650001525878906,57.650001525878906,144908
2024-01-24,57.099998474121094,57.650001525878906,56.650001525878906,57.099998474121094,226240
2024-01-25,58.20000076293945,58.20000076293945,58.20000076293945,58.20000076293945,57085
2024-01-29,59.349998474121094,59.349998474121094,59.349998474121094,59.349998474121094,23453
2024-01-30,58.20000076293945,60.5,58.20000076293945,58.20000076293945,561880
2024-01-31,59.349998474121094,59.349998474121094,58.0,59.349998474121094,192177
2024-02-01,60.5,60.5,60.20000076293945,60.5,164116
2024-02-02,61.70000076293945,61.70000076293945,61.70000076293945,61.70000076293945,114958
2024-02-05,64.75,64.75,64.75,64.75,81131
2024-02-06,67.94999694824219,67.94999694824219,67.94999694824219,67.94999694824219,87563
2024-02-07,71.30000305175781,71.30000305175781,67.94999694824219,71.30000305175781,426298
2024-02-08,74.0,74.8499984741211,69.0,73.0,283314
2024-02-09,73.9000015258789,75.0,69.3499984741211,69.3499984741211,126620
2024-02-12,65.9000015258789,69.25,65.9000015258789,65.9000015258789,191753
2024-02-13,63.25,65.5999984741211,62.599998474121094,62.599998474121094,169095
2024-02-14,59.5,65.3499984741211,59.5,64.94999694824219,218216
2024-02-15,66.25,67.80000305175781,65.0,66.25,162446
2024-02-16,66.8499984741211,69.55000305175781,66.5,69.55000305175781,146228
2024-02-19,77.0999984741211,83.44999694824219,76.0,83.44999694824219,821831
2024-02-20,85.94999694824219,96.6500015258789,85.25,88.19999694824219,2826185
2024-02-21,88.80000305175781,88.9000015258789,82.0,82.55000305175781,601287
2024-02-22,85.94999694824219,99.05000305175781,82.4000015258789,98.75,3708593
2024-02-23,100.0,106.3499984741211,96.0,100.44999694824219,2767473
2024-02-26,102.94999694824219,103.5,97.6500015258789,99.0999984741211,468718
2024-02-27,99.1500015258789,101.0,90.4000015258789,91.6500015258789,594086
2024-02-28,92.80000305175781,94.69999694824219,83.19999694824219,86.5999984741211,503752
2024-02-29,87.0,91.94999694824219,81.5,87.94999694824219,499920
2024-03-01,90.94999694824219,91.55000305175781,84.0,85.05000305175781,263275
2024-03-04,90.0,97.5,85.5,97.5,1511899
2024-03-05,98.69999694824219,107.25,96.25,97.5,2130415
2024-03-06,96.0,101.69999694824219,87.75,89.9000015258789,1089521
2024-03-07,91.0,98.8499984741211,90.55000305175781,95.19999694824219,1062464
2024-03-11,95.0999984741211,96.44999694824219,85.69999694824219,87.05000305175781,721413
2024-03-12,86.55000305175781,89.4000015258789,78.3499984741211,78.3499984741211,1140344
2024-03-13,78.3499984741211,80.80000305175781,70.55000305175781,70.6500015258789,1198957
2024-03-14,70.0,74.1500015258789,67.25,74.1500015258789,501544
2024-03-15,73.94999694824219,77.44999694824219,70.44999694824219,73.55000305175781,480696
2024-03-18,75.4000015258789,77.0,73.19999694824219,74.05000305175781,220433
2024-03-19,74.0,75.94999694824219,71.0,73.5999984741211,229305
2024-03-20,74.94999694824219,74.94999694824219,70.5999984741211,71.4000015258789,209277
2024-03-21,73.0,74.94999694824219,71.6500015258789,74.94999694824219,185655
2024-03-22,76.94999694824219,78.30000305175781,73.8499984741211,77.30000305175781,361179
2024-03-26,77.4000015258789,81.1500015258789,75.9000015258789,81.1500015258789,405679
2024-03-27,85.19999694824219,85.19999694824219,84.3499984741211,85.19999694824219,185593
2024-03-28,89.44999694824219,89.44999694824219,89.44999694824219,89.44999694824219,703606
2024-04-01,93.9000015258789,93.9000015258789,87.0,88.69999694824219,567426
2024-04-02,89.0,91.75,88.25,88.9000015258789,322876
2024-04-03,90.3499984741211,93.30000305175781,87.8499984741211,90.0999984741211,368349
2024-04-04,92.0,92.4000015258789,87.5,87.94999694824219,281208
2024-04-05,89.0,89.25,85.0999984741211,86.19999694824219,223679
2024-04-08,87.4000015258789,90.0,83.8499984741211,88.25,293444
2024-04-09,88.80000305175781,88.80000305175781,84.5,84.8499984741211,120664
2024-04-10,86.5999984741211,87.0,80.5999984741211,80.9000015258789,309065
2024-04-12,81.0,82.30000305175781,77.5999984741211,78.4000015258789,268257
2024-04-15,76.55000305175781,76.80000305175781,74.5,74.5,347295
2024-04-16,71.5,74.25,70.9000015258789,71.8499984741211,301516
2024-04-18,72.5,73.94999694824219,70.1500015258789,70.75,287569
2024-04-19,70.05000305175781,74.25,69.5,74.25,361896
2024-04-22,76.19999694824219,77.94999694824219,76.1500015258789,77.94999694824219,203066
2024-04-23,80.5999984741211,81.80000305175781,78.0,79.0,557990
2024-04-24,79.0,79.0,75.5,76.3499984741211,165948
2024-04-25,78.30000305175781,78.30000305175781,75.05000305175781,76.25,113546
2024-04-26,77.30000305175781,77.8499984741211,76.25,77.25,111023
2024-04-29,78.5,78.5,75.0,75.5,109132
2024-04-30,75.94999694824219,76.5999984741211,72.75,73.3499984741211,161238
2024-05-02,74.8499984741211,74.8499984741211,72.0,72.1500015258789,111118
2024-05-03,72.55000305175781,75.19999694824219,71.94999694824219,72.5,165632
2024-05-06,74.5,74.5,69.5,69.6500015258789,180762
2024-05-07,71.0,71.0,66.19999694824219,66.8499984741211,222500
2024-05-08,66.25,69.19999694824219,66.25,66.94999694824219,181175
2024-05-09,67.19999694824219,67.94999694824219,63.599998474121094,63.70000076293945,265854
2024-05-10,64.69999694824219,66.8499984741211,64.19999694824219,66.8499984741211,139586
2024-05-13,69.3499984741211,70.1500015258789,68.05000305175781,70.1500015258789,217719
2024-05-14,71.0,71.0,68.4000015258789,69.30000305175781,135192
2024-05-15,69.0,70.0,68.1500015258789,69.3499984741211,64317
2024-05-16,69.3499984741211,69.44999694824219,66.69999694824219,67.30000305175781,113772
2024-05-17,69.5999984741211,70.6500015258789,67.0999984741211,69.69999694824219,260582
2024-05-21,76.80000305175781,76.80000305175781,75.0,76.69999694824219,875484
2024-05-22,76.69999694824219,76.94999694824219,72.9000015258789,72.94999694824219,419205
2024-05-23,72.44999694824219,72.44999694824219,69.55000305175781,71.75,176105
2024-05-24,71.4000015258789,74.0,70.5,70.6500015258789,160370
2024-05-27,70.0999984741211,71.19999694824219,67.25,67.55000305175781,237350
2024-05-28,66.80000305175781,69.5,66.80000305175781,68.3499984741211,122101
2024-05-29,68.3499984741211,68.69999694824219,66.9000015258789,67.5999984741211,67048
2024-05-30,68.8499984741211,69.0,66.05000305175781,66.30000305175781,78701
2024-05-31,66.5999984741211,68.3499984741211,66.30000305175781,67.1500015258789,86052
2024-06-03,70.5,70.5,63.79999923706055,64.0999984741211,396969
2024-06-04,65.75,65.75,60.900001525878906,61.29999923706055,226471
2024-06-05,63.0,63.0,58.599998474121094,62.5,159070
2024-06-06,62.5,65.5999984741211,62.45000076293945,65.55000305175781,167622
2024-06-07,65.8499984741211,68.80000305175781,65.55000305175781,68.5,184617
2024-06-10,68.5,69.33000183105469,66.0,66.45999908447266,126069
2024-06-11,67.01000213623047,68.88999938964844,66.0,66.68000030517578,202327
2024-06-12,69.69999694824219,69.69999694824219,66.30000305175781,67.5,141982
2024-06-13,70.0,70.0,67.0999984741211,68.72000122070312,150835
2024-06-14,69.5,69.5,66.0999984741211,66.75,230518
2024-06-18,67.0,68.0,65.73999786376953,66.54000091552734,158315
2024-06-19,67.94999694824219,67.94999694824219,66.25,66.91999816894531,155680
2024-06-20,66.19999694824219,68.41000366210938,66.19999694824219,66.75,88999
2024-06-21,66.75,69.80000305175781,66.0,68.37000274658203,201524
2024-06-24,69.0199966430664,69.98999786376953,67.55000305175781,68.16000366210938,166625
2024-06-25,69.0,69.0,66.80999755859375,67.02999877929688,93397
2024-06-26,68.25,68.44000244140625,66.0999984741211,66.76000213623047,92895
2024-06-27,66.0,67.87000274658203,64.76000213623047,65.3499984741211,97472
2024-06-28,66.0999984741211,66.19999694824219,64.0,64.47000122070312,142218
2024-07-01,64.76000213623047,67.69000244140625,64.76000213623047,67.69000244140625,195256
2024-07-02,69.5999984741211,71.06999969482422,67.75,71.02999877929688,1292514
2024-07-03,71.02999877929688,73.9000015258789,69.86000061035156,70.83999633789062,423402
2024-07-04,70.83999633789062,72.61000061035156,70.25,70.54000091552734,214127
2024-07-05,71.0,74.05999755859375,70.83000183105469,73.76000213623047,334365
2024-07-08,74.69999694824219,75.98999786376953,70.06999969482422,70.3499984741211,477332
2024-07-09,70.3499984741211,71.7699966430664,70.0,70.25,100118
2024-07-10,70.05999755859375,71.38999938964844,67.0,67.69000244140625,206676
2024-07-11,68.80000305175781,71.06999969482422,67.11000061035156,69.75,175796
2024-07-12,70.0,72.9000015258789,70.0,70.9000015258789,161045
2024-07-15,70.5,70.5,68.01000213623047,68.19999694824219,166110
2024-07-16,68.94999694824219,71.61000061035156,68.51000213623047,70.5,333591
2024-07-18,71.5,71.5,67.80000305175781,68.33000183105469,163694
2024-07-19,68.98999786376953,70.5,66.0,66.26000213623047,118713
2024-07-22,67.05000305175781,69.47000122070312,66.11000061035156,66.55999755859375,137200
2024-07-23,67.0,68.5999984741211,63.54999923706055,67.02999877929688,136368
2024-07-24,68.5,68.5,66.0999984741211,66.9000015258789,107958
2024-07-25,66.9000015258789,68.16000366210938,66.19999694824219,66.76000213623047,84744
2024-07-26,66.76000213623047,68.0,66.69999694824219,66.95999908447266,100075
2024-07-29,68.94999694824219,70.30000305175781,67.36000061035156,70.2300033569336,303295
2024-07-30,70.23999786376953,73.73999786376953,70.23999786376953,73.69000244140625,1062917
2024-07-31,73.0,75.0,72.5,73.16999816894531,280136
2024-08-01,73.9000015258789,74.08999633789062,72.0,72.18000030517578,153459
2024-08-02,71.80000305175781,72.0,70.05000305175781,71.02999877929688,163597
2024-08-05,68.0,69.9000015258789,67.47000122070312,67.5,175123
2024-08-06,68.4000015258789,69.1500015258789,66.0,66.05999755859375,133162
2024-08-07,66.98999786376953,68.3499984741211,66.37000274658203,67.95999908447266,103429
2024-08-08,67.95999908447266,72.0,67.95999908447266,70.05999755859375,200257
2024-08-09,72.0,73.37999725341797,69.94999694824219,70.13999938964844,95354
2024-08-12,70.0,73.4000015258789,68.0,70.51000213623047,187450
2024-08-13,71.91999816894531,73.0,69.30999755859375,69.62999725341797,211217
2024-08-14,69.0,69.56999969482422,67.0,67.26000213623047,104197
2024-08-16,68.0,69.79000091552734,67.37000274658203,69.04000091552734,98009
2024-08-19,70.30000305175781,70.91999816894531,65.5199966430664,67.2699966430664,211092
2024-08-20,66.5,68.48999786376953,64.0,65.83999633789062,460344
2024-08-21,66.98999786376953,67.9000015258789,63.5,64.31999969482422,615075
2024-08-22,65.48999786376953,65.48999786376953,57.880001068115234,58.970001220703125,2195184
2024-08-23,59.9900016784668,61.79999923706055,56.11000061035156,57.439998626708984,913334
2024-08-26,56.20000076293945,58.38999938964844,56.0,56.22999954223633,449607
2024-08-27,56.9900016784668,57.72999954223633,54.0099983215332,55.56999969482422,579535
2024-08-28,56.5,60.5099983215332,54.25,56.150001525878906,1403595
2024-08-29,56.20000076293945,59.70000076293945,54.90999984741211,56.150001525878906,905859
2024-08-30,56.95000076293945,57.470001220703125,54.04999923706055,55.040000915527344,703554
2024-09-02,55.0,57.0,51.0099983215332,51.45000076293945,910426
2024-09-03,52.400001525878906,53.849998474121094,51.099998474121094,51.65999984741211,497866
2024-09-04,50.5,52.70000076293945,50.04999923706055,51.220001220703125,497239
2024-09-05,51.95000076293945,52.79999923706055,50.209999084472656,50.599998474121094,293302
2024-09-06,52.040000915527344,55.65999984741211,52.040000915527344,55.65999984741211,690611
2024-09-09,57.9900016784668,60.54999923706055,54.400001525878906,55.380001068115234,2523199
2024-09-10,56.5,57.2400016784668,53.209999084472656,54.31999969482422,636292
2024-09-11,54.31999969482422,54.900001525878906,52.619998931884766,53.459999084472656,305493
2024-09-12,54.900001525878906,56.5,53.27000045776367,54.29999923706055,883842
2024-09-13,55.29999923706055,55.54999923706055,54.43000030517578,55.040000915527344,335868
2024-09-16,57.45000076293945,59.4900016784668,56.13999938964844,57.2599983215332,778600
2024-09-17,58.599998474121094,62.97999954223633,57.29999923706055,62.97999954223633,2529240
2024-09-18,64.19999694824219,68.75,62.599998474121094,65.0199966430664,3202606
2024-09-19,65.0,66.5,59.81999969482422,63.04999923706055,1100803
2024-09-20,64.98999786376953,66.19999694824219,61.099998474121094,61.77000045776367,443697
2024-09-23,62.09000015258789,66.77999877929688,62.0,64.66000366210938,1791615
2024-09-24,65.33999633789062,71.12000274658203,65.01000213623047,71.12000274658203,1855954
2024-09-25,70.0,76.9000015258789,69.5,75.79000091552734,3021941
2024-09-26,76.0,76.0,72.0,72.0,1071961
2024-09-27,72.01000213623047,73.31999969482422,68.4000015258789,68.62999725341797,1234506
2024-09-30,68.0,68.68000030517578,65.20999908447266,67.44999694824219,521044
2024-10-01,67.6500015258789,69.5,67.6500015258789,68.77999877929688,292001
2024-10-03,67.4000015258789,68.69000244140625,65.55000305175781,65.87999725341797,221573
2024-10-04,65.0,68.93000030517578,64.30000305175781,67.7300033569336,327603
2024-10-07,68.94000244140625,68.94000244140625,64.33999633789062,64.41000366210938,232434
2024-10-08,66.0,66.0,61.310001373291016,64.27999877929688,60006
2024-10-09,65.0,66.5,64.0,65.37000274658203,61959
2024-10-10,66.5999984741211,67.25,64.0,66.94000244140625,124375
2024-10-11,67.0,68.37999725341797,63.720001220703125,65.38999938964844,136489
2024-10-14,64.75,64.9000015258789,63.0,63.279998779296875,60964
2024-10-15,63.099998474121094,64.69999694824219,61.5,62.83000183105469,65545
2024-10-16,61.650001525878906,63.83000183105469,61.220001220703125,62.970001220703125,61062
2024-10-17,62.970001220703125,65.5,61.5099983215332,62.349998474121094,109877
2024-10-18,61.5099983215332,63.9900016784668,61.0099983215332,62.630001068115234,44866
2024-10-21,65.76000213623047,65.76000213623047,65.76000213623047,65.76000213623047,34120
2024-10-22,69.04000091552734,69.04000091552734,69.04000091552734,69.04000091552734,119920
2024-10-23,72.48999786376953,72.48999786376953,67.30000305175781,72.4800033569336,641770
2024-10-24,71.01000213623047,72.4800033569336,68.8499984741211,68.8499984741211,441187
2024-10-25,67.0999984741211,71.44999694824219,65.4000015258789,65.4000015258789,223915
2024-10-28,65.0,67.9000015258789,62.5,66.70999908447266,142719
2024-10-29,66.70999908447266,67.9000015258789,66.0,67.66999816894531,77383
2024-10-30,65.55000305175781,68.80000305175781,65.55000305175781,66.6500015258789,62211
2024-10-31,67.0,69.69999694824219,67.0,68.94999694824219,78616
2024-11-01,71.69999694824219,72.38999938964844,70.0,72.37000274658203,399228
2024-11-04,73.0999984741211,75.9800033569336,70.0,74.29000091552734,467261
2024-11-05,75.66999816894531,75.66999816894531,72.33000183105469,74.37999725341797,155880
2024-11-06,74.5999984741211,76.5,74.0,76.20999908447266,271851
2024-11-07,76.9000015258789,80.0199966430664,76.9000015258789,80.0199966430664,666008
2024-11-08,79.54000091552734,79.88999938964844,77.5,78.19000244140625,238897
2024-11-11,77.94999694824219,79.0,74.3499984741211,77.31999969482422,218862
2024-11-12,75.31999969482422,76.98999786376953,73.44999694824219,73.4800033569336,138864
2024-11-13,71.01000213623047,72.94999694824219,69.80000305175781,69.83000183105469,143265
2024-11-14,68.4000015258789,72.0,68.4000015258789,71.73999786376953,118389
2024-11-18,71.98999786376953,71.98999786376953,69.0,69.2699966430664,77022
2024-11-19,69.1500015258789,71.69999694824219,69.1500015258789,69.83999633789062,55490
2024-11-21,71.44999694824219,71.44999694824219,67.0,67.47000122070312,85398
2024-11-22,67.0,68.69999694824219,66.5,68.12999725341797,52560
2024-11-25,70.8499984741211,70.8499984741211,67.5,67.69000244140625,74592
2024-11-26,69.48999786376953,69.5,68.0,69.08000183105469,43385
2024-11-27,68.11000061035156,69.6500015258789,67.5,68.0999984741211,75188
2024-11-28,68.80000305175781,68.80000305175781,67.0999984741211,67.80999755859375,61184
2024-11-29,67.30000305175781,71.19999694824219,66.7699966430664,71.19000244140625,206261
2024-12-02,70.5999984741211,70.5999984741211,69.01000213623047,69.76000213623047,67918
2024-12-03,69.01000213623047,71.69999694824219,69.01000213623047,70.77999877929688,111551
2024-12-04,70.0,72.5,70.0,71.0999984741211,78207
2024-12-05,72.4000015258789,72.4000015258789,69.51000213623047,69.7300033569336,93067
2024-12-06,69.25,70.9000015258789,68.51000213623047,69.0999984741211,80233
2024-12-09,69.88999938964844,72.55000305175781,69.0,71.1500015258789,187129
2024-12-10,72.9000015258789,72.94000244140625,70.5,71.16999816894531,148134
2024-12-11,72.38999938964844,72.9000015258789,70.19999694824219,70.66999816894531,82194
2024-12-12,70.0199966430664,72.44999694824219,69.98999786376953,70.80999755859375,85100
2024-12-13,70.0199966430664,71.38999938964844,69.0,70.18000030517578,109377
2024-12-16,69.26000213623047,73.63999938964844,69.0999984741211,73.18000030517578,199177
2024-12-17,74.94999694824219,76.83000183105469,73.0,76.63999938964844,542966
2024-12-18,76.5,80.4000015258789,76.44999694824219,78.2699966430664,326781
2024-12-19,76.25,82.18000030517578,76.25,82.18000030517578,636411
2024-12-20,81.4000015258789,86.27999877929688,81.4000015258789,85.2300033569336,700416
2024-12-23,89.3499984741211,89.48999786376953,86.0999984741211,89.48999786376953,384741
2024-12-24,90.2300033569336,93.95999908447266,90.2300033569336,93.95999908447266,358502
2024-12-26,98.58999633789062,98.6500015258789,89.26000213623047,89.26000213623047,627221
2024-12-27,87.76000213623047,87.76000213623047,84.79000091552734,85.9800033569336,312750
2024-12-30,85.1500015258789,89.0,84.9000015258789,85.31999969482422,165833
2024-12-31,85.33000183105469,88.5,84.01000213623047,88.37000274658203,203374
2025-01-01,88.0,92.77999877929688,87.04000091552734,88.01000213623047,683968
2025-01-02,89.4000015258789,90.44999694824219,86.7300033569336,89.97000122070312,282389
2025-01-03,90.66999816894531,94.45999908447266,89.95999908447266,94.45999908447266,799962
2025-01-06,94.30000305175781,99.18000030517578,92.0,97.5199966430664,1532757
2025-01-07,99.0,102.38999938964844,98.7699966430664,102.38999938964844,1134255
2025-01-08,104.0,107.5,97.2699966430664,106.83000183105469,1218391
2025-01-09,108.0,111.0,103.11000061035156,104.31999969482422,775247
2025-01-10,106.25,106.25,99.0999984741211,99.0999984741211,220380
2025-01-13,94.13999938964844,96.9800033569336,94.13999938964844,94.13999938964844,99155
2025-01-14,89.43000030517578,94.13999938964844,89.43000030517578,92.06999969482422,313704
2025-01-15,93.0,93.0,87.45999908447266,87.45999908447266,232644
2025-01-16,87.0999984741211,89.80000305175781,85.45999908447266,87.04000091552734,272750
2025-01-17,88.94999694824219,88.94999694824219,85.75,86.2300033569336,74049
2025-01-20,85.19999694824219,90.54000091552734,82.0,90.33999633789062,242311
2025-01-21,90.0,91.44999694824219,85.98999786376953,86.8499984741211,199876
2025-01-22,86.30000305175781,86.38999938964844,82.5,82.5,140850
2025-01-23,81.0999984741211,84.0,79.0999984741211,81.45999908447266,135433
2025-01-24,81.98999786376953,82.05000305175781,78.5,79.13999938964844,143007
2025-01-27,78.69999694824219,78.69999694824219,75.18000030517578,76.97000122070312,148246
2025-01-28,75.9000015258789,77.5,73.12000274658203,74.0999984741211,97184
2025-01-29,72.0,77.69999694824219,72.0,76.22000122070312,54235
2025-01-30,77.5,79.94999694824219,77.0,79.62999725341797,90042
2025-01-31,81.9000015258789,81.9000015258789,78.0999984741211,80.6500015258789,96051
2025-02-01,81.98999786376953,82.9000015258789,77.55000305175781,79.2699966430664,48801
2025-02-03,76.69999694824219,78.98999786376953,75.5,76.5999984741211,63438
2025-02-04,77.98999786376953,79.7699966430664,76.0,79.08000183105469,60700
2025-02-05,77.55000305175781,81.08000183105469,77.55000305175781,80.08999633789062,39417
2025-02-06,81.69000244140625,82.0999984741211,79.19999694824219,81.0199966430664,94909
2025-02-07,81.5,82.4000015258789,79.55000305175781,79.93000030517578,60955
2025-02-10,78.30000305175781,78.98999786376953,75.93000030517578,76.13999938964844,86684
2025-02-11,73.55000305175781,75.69999694824219,72.33000183105469,72.33000183105469,74886
2025-02-12,72.0,72.0,68.70999908447266,68.70999908447266,248832
2025-02-13,68.70999908447266,70.0,65.44999694824219,66.88999938964844,174254
2025-02-14,66.55000305175781,66.80000305175781,63.540000915527344,64.25,128487
2025-02-17,65.52999877929688,65.52999877929688,61.029998779296875,61.380001068115234,135124
2025-02-18,61.380001068115234,62.290000915527344,59.0,59.349998474121094,105042
2025-02-19,60.0,62.310001373291016,60.0,62.310001373291016,111877
2025-02-20,63.349998474121094,64.5,61.0,62.720001220703125,128391
2025-02-21,62.720001220703125,62.900001525878906,61.0099983215332,61.63999938964844,132553
2025-02-24,61.900001525878906,61.900001525878906,59.0,60.619998931884766,121144
2025-02-25,61.97999954223633,62.79999923706055,61.0,62.58000183105469,43126
2025-02-27,62.900001525878906,62.900001525878906,59.45000076293945,59.86000061035156,93362
2025-02-28,59.68000030517578,59.880001068115234,56.86000061035156,56.880001068115234,59477
2025-03-03,57.9900016784668,57.9900016784668,54.029998779296875,54.029998779296875,73021
2025-03-04,53.0,53.70000076293945,51.31999969482422,52.81999969482422,196174
2025-03-05,52.81999969482422,55.459999084472656,52.81999969482422,55.459999084472656,120694
2025-03-06,54.90999984741211,58.22999954223633,54.90999984741211,58.22999954223633,100517
2025-03-07,60.779998779296875,61.13999938964844,58.79999923706055,61.13999938964844,119228
2025-03-10,60.150001525878906,63.900001525878906,60.150001525878906,62.16999816894531,177221
2025-03-11,61.0,61.0,59.060001373291016,59.060001373291016,83998
2025-03-12,57.869998931884766,58.0,57.869998931884766,57.869998931884766,17236
2025-03-13,56.709999084472656,57.0,56.709999084472656,56.709999084472656,40771
2025-03-17,55.56999969482422,55.56999969482422,55.56999969482422,55.56999969482422,11241
2025-03-18,54.45000076293945,54.45000076293945,54.45000076293945,54.45000076293945,38275
2025-03-19,54.349998474121094,54.45000076293945,53.36000061035156,54.349998474121094,129624
2025-03-20,53.2599983215332,54.349998474121094,53.2599983215332,53.2599983215332,68094
2025-03-21,54.0,54.31999969482422,54.0,54.0,94790
2025-03-24,53.0,53.0,52.91999816894531,53.0,176797
2025-03-25,51.939998626708984,53.5,51.939998626708984,51.939998626708984,105915
2025-03-26,51.099998474121094,51.099998474121094,50.900001525878906,51.099998474121094,137826
2025-03-27,50.06999969482422,51.0,50.06999969482422,50.06999969482422,225950
2025-03-28,49.060001373291016,51.06999969482422,49.060001373291016,49.060001373291016,87108
2025-04-01,50.040000915527344,50.040000915527344,50.0099983215332,50.040000915527344,5513
2025-04-02,51.040000915527344,51.040000915527344,51.040000915527344,51.040000915527344,5437
2025-04-03,52.060001373291016,52.060001373291016,52.060001373291016,52.060001373291016,55241
2025-04-04,53.099998474121094,53.099998474121094,52.0,53.099998474121094,42619
2025-04-07,54.15999984741211,54.15999984741211,54.15999984741211,54.15999984741211,108504
2025-04-08,55.2400016784668,55.2400016784668,55.2400016784668,55.2400016784668,2470
2025-04-09,56.34000015258789,56.34000015258789,56.34000015258789,56.34000015258789,1753
2025-04-11,57.459999084472656,57.459999084472656,57.459999084472656,57.459999084472656,120365
2025-04-15,58.599998474121094,58.599998474121094,58.599998474121094,58.599998474121094,12648
2025-04-16,59.77000045776367,59.77000045776367,59.77000045776367,59.77000045776367,8086
2025-04-17,60.959999084472656,60.959999084472656,60.959999084472656,60.959999084472656,1220
2025-04-21,64.0,64.0,64.0,64.0,12197
2025-04-22,67.19999694824219,67.19999694824219,67.19999694824219,67.19999694824219,10723
2025-04-23,70.55999755859375,70.55999755859375,70.55999755859375,70.55999755859375,19235
2025-04-24,74.08000183105469,74.08000183105469,73.0,74.08000183105469,366048
2025-04-25,73.94999694824219,73.98999786376953,70.37000274658203,70.37000274658203,113302
2025-04-28,66.8499984741211,70.37000274658203,66.8499984741211,67.41999816894531,327158
2025-04-29,66.86000061035156,66.86000061035156,64.04000091552734,64.04000091552734,203639
2025-04-30,63.68000030517578,66.58999633789062,62.04999923706055,64.1500015258789,76520
2025-05-02,64.44999694824219,67.3499984741211,64.44999694824219,67.3499984741211,75907
2025-05-05,69.9000015258789,69.9000015258789,67.5,68.12000274658203,94438
2025-05-06,68.12000274658203,68.80000305175781,64.70999908447266,64.70999908447266,71365
2025-05-07,61.470001220703125,65.5,61.470001220703125,63.40999984741211,67688
2025-05-08,63.0,65.0,61.560001373291016,62.33000183105469,65209
2025-05-09,61.0,64.95999908447266,61.0,63.40999984741211,68065
2025-05-12,66.29000091552734,66.58000183105469,65.0,66.58000183105469,33289
2025-05-13,69.9000015258789,69.9000015258789,67.19999694824219,68.31999969482422,310246
2025-05-14,67.75,70.9000015258789,66.19999694824219,69.70999908447266,216346
2025-05-15,69.81999969482422,71.0,69.81999969482422,70.27999877929688,85559
2025-05-16,69.30000305175781,70.98999786376953,68.16000366210938,68.76000213623047,48749
2025-05-19,72.19000244140625,72.19000244140625,72.0,72.19000244140625,132989
2025-05-20,71.5,75.79000091552734,70.1500015258789,75.69000244140625,168161
2025-05-21,76.0,79.4000015258789,75.0,78.58000183105469,118298
2025-05-22,78.0,82.5,76.5,82.5,201420
2025-05-23,86.62000274658203,86.62000274658203,83.5999984741211,86.55999755859375,260253
2025-05-26,86.29000091552734,86.4000015258789,82.2300033569336,83.22000122070312,183279
2025-05-27,83.22000122070312,84.0,81.5,82.12000274658203,45496
2025-05-28,84.0,85.0,82.0,83.27999877929688,81149
2025-05-29,84.44999694824219,87.44000244140625,82.0,87.4000015258789,221432
2025-05-30,86.9000015258789,86.9000015258789,83.08999633789062,83.91000366210938,87204
2025-06-02,83.88999938964844,84.94000244140625,81.0,82.3499984741211,72149
2025-06-03,82.3499984741211,85.9000015258789,79.5,84.4000015258789,131377
2025-06-04,84.4000015258789,86.5,83.0199966430664,85.9800033569336,88435
2025-06-05,86.4000015258789,90.0,85.0,87.94999694824219,122467
2025-06-06,87.80000305175781,92.33999633789062,87.80000305175781,92.33999633789062,124560
2025-06-09,95.4000015258789,96.94999694824219,94.0999984741211,96.94999694824219,81426
2025-06-10,101.79000091552734,101.79000091552734,101.79000091552734,101.79000091552734,165553
2025-06-11,106.87000274658203,106.87000274658203,100.0,103.2699966430664,442629
2025-06-12,103.0,103.0,98.0999984741211,99.9000015258789,316623
2025-06-13,96.05999755859375,104.5,94.9000015258789,98.9800033569336,231002
2025-06-16,101.0,102.0,95.75,97.26000213623047,93804
2025-06-17,94.19999694824219,99.0,94.19999694824219,95.01000213623047,156641
2025-06-18,94.0,95.0,91.5,92.12999725341797,74584
2025-06-19,92.0,92.12999725341797,87.5199966430664,87.9000015258789,275766
2025-06-20,87.5,87.5199966430664,84.5,85.43000030517578,158486
2025-06-23,84.0,89.69999694824219,81.61000061035156,89.69999694824219,134311
2025-06-24,92.0,94.18000030517578,91.98999786376953,94.16999816894531,345410
2025-06-25,92.5999984741211,96.0,92.4000015258789,94.62999725341797,127896
2025-06-26,97.0999984741211,99.36000061035156,95.0999984741211,99.29000091552734,455901
2025-06-27,104.23999786376953,104.25,102.0,104.25,210163
2025-06-30,107.9000015258789,109.45999908447266,105.98999786376953,109.45999908447266,347204
2025-07-01,107.2699966430664,109.45999908447266,107.2699966430664,107.2699966430664,81078
2025-07-02,105.12000274658203,105.12000274658203,105.12000274658203,105.12000274658203,41568
2025-07-03,103.01000213623047,103.01000213623047,103.01000213623047,103.01000213623047,18973
2025-07-04,103.1500015258789,103.1500015258789,102.48999786376953,103.1500015258789,181977
2025-07-07,105.20999908447266,105.20999908447266,105.20999908447266,105.20999908447266,81171
2025-07-08,103.1500015258789,105.20999908447266,103.1500015258789,103.1500015258789,50777
2025-07-09,101.5,103.0999984741211,101.5,101.5,53814
2025-07-10,99.47000122070312,101.0,99.47000122070312,99.47000122070312,29268
2025-07-11,97.4800033569336,97.4800033569336,97.4800033569336,97.4800033569336,41943
2025-07-14,99.41999816894531,99.41999816894531,95.52999877929688,99.41999816894531,91198
2025-07-15,101.4000015258789,101.4000015258789,100.0,101.4000015258789,82706
2025-07-16,103.41999816894531,103.41999816894531,103.41999816894531,103.41999816894531,30915
2025-07-17,105.4800033569336,105.4800033569336,105.4800033569336,105.4800033569336,37631
2025-07-18,107.58000183105469,107.58000183105469,107.58000183105469,107.58000183105469,41289
2025-07-21,109.7300033569336,109.7300033569336,109.7300033569336,109.7300033569336,57992
2025-07-22,108.5,111.91999816894531,108.5,108.5,293987
2025-07-23,107.0,107.5,106.33000183105469,107.0,43645
2025-07-24,105.5999984741211,107.0999984741211,105.5999984741211,105.5999984741211,33204
2025-07-25,105.0,105.5999984741211,105.0,105.0,59233
2025-07-28,107.0999984741211,107.0999984741211,107.0999984741211,107.0999984741211,72437
2025-07-29,109.23999786376953,109.23999786376953,109.23999786376953,109.23999786376953,101253
2025-07-30,111.41999816894531,111.41999816894531,111.41999816894531,111.41999816894531,61692
2025-07-31,113.63999938964844,113.63999938964844,113.63999938964844,113.63999938964844,101676
2025-08-01,115.91000366210938,115.91000366210938,115.91000366210938,115.91000366210938,81429
2025-08-04,118.22000122070312,118.22000122070312,118.22000122070312,118.22000122070312,65859
2025-08-05,120.58000183105469,120.58000183105469,120.58000183105469,120.58000183105469,82042
2025-08-06,122.98999786376953,122.98999786376953,122.98999786376953,122.98999786376953,82181
2025-08-07,120.52999877929688,125.44000244140625,120.52999877929688,120.52999877929688,443550
2025-08-08,118.11000061035156,118.11000061035156,118.11000061035156,118.11000061035156,66745
2025-08-11,121.0,124.01000213623047,113.05000305175781,114.80000305175781,378589
2025-08-12,111.5999984741211,120.54000091552734,109.05999755859375,120.51000213623047,416864
2025-08-13,117.69999694824219,121.98999786376953,114.4800033569336,114.4800033569336,167805
2025-08-14,114.4800033569336,117.4000015258789,108.75,112.93000030517578,120591
2025-08-18,114.94999694824219,114.94999694824219,109.44999694824219,111.37000274658203,88691
2025-08-19,113.80000305175781,116.93000030517578,112.0,116.91000366210938,106139
2025-08-20,116.0,122.75,115.9800033569336,122.75,139589
2025-08-21,122.75,128.77999877929688,121.4000015258789,126.95999908447266,117757
2025-08-22,125.0999984741211,133.3000030517578,124.2699966430664,132.72999572753906,423866
2025-08-25,130.8000030517578,139.36000061035156,130.8000030517578,139.36000061035156,129964
2025-08-26,146.32000732421875,146.32000732421875,140.25,146.1199951171875,558013
2025-08-28,142.39999389648438,145.0,138.80999755859375,140.42999267578125,302720
2025-08-29,140.42999267578125,140.42999267578125,133.39999389648438,133.39999389648438,237467
2025-09-01,132.39999389648438,132.39999389648438,126.7300033569336,126.8499984741211,212390
2025-09-02,128.67999267578125,133.19000244140625,128.60000610351562,133.19000244140625,69501
2025-09-03,139.83999633789062,139.83999633789062,133.60000610351562,139.83999633789062,145389
2025-09-04,142.97000122070312,144.89999389648438,134.10000610351562,138.72999572753906,129890
2025-09-05,139.0,144.5,136.0,143.07000732421875,62917
2025-09-08,146.39999389648438,150.22000122070312,146.39999389648438,150.22000122070312,241915
2025-09-09,154.8000030517578,157.0,150.0,153.6300048828125,199626
2025-09-10,155.0,161.0,154.0,160.8000030517578,338770
2025-09-11,164.39999389648438,165.60000610351562,154.10000610351562,162.1699981689453,170442
2025-09-12,160.0,164.0,154.05999755859375,157.27999877929688,155367
2025-09-15,156.3000030517578,159.3000030517578,151.39999389648438,153.1999969482422,202404
2025-09-16,151.75999450683594,156.89999389648438,147.10000610351562,148.67999267578125,259299
2025-09-17,148.0,156.0,147.5,152.00999450683594,487833
2025-09-18,153.6999969482422,153.6999969482422,146.5500030517578,149.42999267578125,173446
2025-09-19,149.42999267578125,156.89999389648438,147.55999755859375,156.5399932861328,439635
2025-09-22,164.36000061035156,164.36000061035156,159.8000030517578,164.36000061035156,187968
2025-09-23,172.57000732421875,172.57000732421875,162.0,169.9600067138672,1320321
2025-09-24,167.88999938964844,174.0,164.1999969482422,165.47000122070312,296100
2025-09-25,168.0,173.74000549316406,164.39999389648438,165.67999267578125,488219
2025-09-26,167.6999969482422,171.00999450683594,157.38999938964844,157.5800018310547,536084
2025-09-29,157.97999572753906,160.38999938964844,151.0,152.1999969482422,283245
2025-09-30,153.94000244140625,158.5,151.27000427246094,153.10000610351562,144445
2025-10-01,156.8000030517578,157.6999969482422,153.9600067138672,156.72999572753906,107049
2025-10-03,156.64999389648438,157.85000610351562,152.08999633789062,155.08999633789062,144586
2025-10-06,156.0,162.0,147.3300018310547,150.17999267578125,373360
2025-10-07,148.0,157.0,145.6199951171875,155.2899932861328,238294
2025-10-08,157.97000122070312,159.9499969482422,154.0,155.75999450683594,182868
2025-10-09,155.0,157.2899932861328,151.63999938964844,153.91000366210938,92558
2025-10-10,150.5500030517578,158.85000610351562,150.5500030517578,158.0800018310547,135609
2025-10-13,159.99000549316406,160.0,153.0,153.64999389648438,92343
2025-10-14,153.64999389648438,155.5,145.9600067138672,146.1999969482422,220867
2025-10-15,148.3800048828125,153.50999450683594,148.35000610351562,151.3000030517578,287041
2025-10-16,150.4600067138672,154.5500030517578,150.4600067138672,152.57000732421875,102901
2025-10-17,153.75,155.0,144.94000244140625,145.5800018310547,226539
2025-10-20,152.85000610351562,152.85000610351562,150.00999450683594,152.85000610351562,344477
2025-10-21,156.58999633789062,160.49000549316406,154.99000549316406,160.4499969482422,333004
2025-10-23,164.8000030517578,168.47000122070312,162.92999267578125,168.47000122070312,254277
2025-10-24,172.0,176.88999938964844,171.8000030517578,176.60000610351562,1016085
2025-10-27,184.99000549316406,185.42999267578125,181.52999877929688,185.42999267578125,184310
2025-10-28,194.6999969482422,194.6999969482422,194.6999969482422,194.6999969482422,100290
2025-10-29,204.42999267578125,204.42999267578125,194.75,204.42999267578125,652048
2025-10-30,214.0,214.0,195.55999755859375,201.27999877929688,1928857
2025-10-31,201.60000610351562,211.33999633789062,195.11000061035156,211.33999633789062,521099
2025-11-03,219.8000030517578,221.89999389648438,217.0,221.89999389648438,152025
2025-11-04,231.0,231.0,215.0,221.85000610351562,1020070
2025-11-06,221.85000610351562,226.8000030517578,210.75,210.75,478204
2025-11-07,208.9499969482422,215.38999938964844,200.2100067138672,210.16000366210938,258872
2025-11-10,211.85000610351562,217.0,199.64999389648438,209.1300048828125,262254
2025-11-11,209.0,210.97999572753906,202.0500030517578,205.52000427246094,132502
2025-11-12,206.0,214.3000030517578,195.5,200.52000427246094,191061
2025-11-13,202.74000549316406,207.0,198.5,200.82000732421875,101656
2025-11-14,198.0,200.82000732421875,195.0,196.4600067138672,128652
2025-11-17,195.5,203.8000030517578,194.60000610351562,199.11000061035156,87202
2025-11-18,203.5800018310547,203.5800018310547,190.0,198.89999389648438,156123
2025-11-19,198.0,198.89999389648438,189.0,190.3000030517578,108850
2025-11-20,187.0500030517578,192.0,183.50999450683594,187.85000610351562,107275
2025-11-21,190.97000122070312,190.97000122070312,178.4499969482422,180.32000732421875,153663
2025-11-24,185.0,185.0,171.3000030517578,172.47000122070312,173518
2025-11-25,172.0,181.08999633789062,166.10000610351562,181.08999633789062,84052
2025-11-26,190.13999938964844,190.13999938964844,190.13999938964844,190.13999938964844,34723
2025-11-27,199.63999938964844,199.63999938964844,199.63999938964844,199.63999938964844,48928
2025-11-28,201.39999389648438,208.89999389648438,194.0,207.74000549316406,365577
2025-12-01,211.0,214.39999389648438,199.0,200.82000732421875,191931
2025-12-02,201.10000610351562,204.88999938964844,195.0,199.24000549316406,109512
2025-12-03,200.0,200.0,193.5,194.8800048828125,54973
2025-12-04,192.0500030517578,204.5,192.0500030517578,197.66000366210938,108764
2025-12-05,195.10000610351562,204.3000030517578,194.3000030517578,197.8000030517578,120030
2025-12-08,197.25,199.99000549316406,187.91000366210938,187.91000366210938,106461
2025-12-09,184.60000610351562,193.89999389648438,178.52000427246094,189.11000061035156,154750
2025-12-10,193.5,193.89999389648438,180.0,181.69000244140625,73187
2025-12-11,183.0,185.89999389648438,176.10000610351562,181.72000122070312,67283
2025-12-12,185.0,186.0,181.0,183.74000549316406,50738
2025-12-15,183.5,187.0,181.0,181.91000366210938,57116
2025-12-16,182.75,186.6999969482422,173.5500030517578,177.52000427246094,79470
2025-12-17,178.0,180.0,176.1199951171875,177.6300048828125,51924
2025-12-18,175.10000610351562,178.0,170.0,170.52000427246094,112581
2025-12-19,171.0,177.0,171.0,174.75999450683594,72481
2025-12-22,183.49000549316406,183.49000549316406,183.49000549316406,183.49000549316406,32078
2025-12-23,192.66000366210938,192.66000366210938,192.66000366210938,192.66000366210938,62395
2025-12-24,202.2899932861328,202.2899932861328,202.2899932861328,202.2899932861328,78235
2025-12-26,200.89999389648438,208.89999389648438,194.25,205.07000732421875,303730
2025-12-29,208.89999389648438,208.89999389648438,194.82000732421875,194.82000732421875,129108
2025-12-30,190.00999450683594,193.92999267578125,187.0,189.75999450683594,56186
2025-12-31,189.75999450683594,194.0,187.0,188.05999755859375,74288
2026-01-01,188.0500030517578,197.4600067138672,188.0,197.4600067138672,101370
2026-01-02,207.3300018310547,207.3300018310547,202.0,207.22999572753906,314981
2026-01-05,214.8000030517578,214.8000030517578,199.00999450683594,204.16000366210938,250835
2026-01-06,206.5,208.0,198.5,203.0500030517578,108144
2026-01-07,204.89999389648438,209.0,200.60000610351562,201.2899932861328,66280
2026-01-08,200.99000549316406,206.32000732421875,196.5,200.97999572753906,151848
2026-01-09,201.0,204.0,191.25,193.74000549316406,106027
2026-01-12,192.10000610351562,193.3800048828125,184.05999755859375,186.1999969482422,136362
2026-01-13,188.99000549316406,193.33999633789062,185.0,189.33999633789062,82436
2026-01-14,193.0,198.8000030517578,189.0,198.25999450683594,107434
2026-01-15,198.25999450683594,198.25999450683594,198.25999450683594,198.25999450683594,0
2026-01-16,195.0500030517578,196.6999969482422,190.0,190.57000732421875,71414
2026-01-19,187.1999969482422,191.89999389648438,181.0500030517578,182.57000732421875,91938
2026-01-20,182.57000732421875,182.57000732421875,173.4499969482422,173.4499969482422,104170
2026-01-21,171.0,171.0,164.77999877929688,165.69000244140625,136885
2026-01-22,168.0,173.97000122070312,167.10000610351562,173.97000122070312,46999
2026-01-23,179.0,182.0,173.0,174.5500030517578,125106
2026-01-27,174.5,178.0,167.10000610351562,168.30999755859375,97598
2026-01-28,169.97999572753906,173.8699951171875,162.5,171.02999877929688,81665
2026-01-29,171.02999877929688,177.99000549316406,171.0,176.6300048828125,153743
2026-01-30,177.0,178.0,169.0,170.27000427246094,87917
2026-02-02,168.86000061035156,171.94000244140625,163.5500030517578,164.5800018310547,39713
2026-02-03,172.75,172.8000030517578,166.5,171.9499969482422,70689
2026-02-04,180.0,180.5399932861328,176.0,180.52999877929688,157909
2026-02-05,181.0,188.5,174.0,187.4600067138672,161551
2026-02-06,190.0,190.75,181.14999389648438,188.9499969482422,92756
2026-02-09,188.9499969482422,188.9499969482422,188.9499969482422,188.9499969482422,0
2026-02-10,195.89999389648438,195.89999389648438,187.3000030517578,189.1999969482422,76022
2026-02-11,191.0,195.5,189.1300048828125,194.83999633789062,89633
2026-02-12,197.0,197.0,191.50999450683594,194.67999267578125,56370
2026-02-13,191.0,194.0,185.0,186.3000030517578,110469
2026-02-16,187.99000549316406,187.99000549316406,176.99000549316406,177.32000732421875,92432
2026-02-17,175.60000610351562,176.99000549316406,171.92999267578125,173.22000122070312,77161
2026-02-18,172.10000610351562,181.8800048828125,172.10000610351562,181.8800048828125,105946
2026-02-19,190.97000122070312,190.97000122070312,182.0,183.8699951171875,143567
2026-02-20,183.8699951171875,184.69000244140625,178.0,178.85000610351562,55347
2026-02-23,181.0,181.88999938964844,172.0,173.32000732421875,72883
2026-02-24,179.0,181.97999572753906,164.66000366210938,165.66000366210938,744730
2026-02-25,167.0,170.0,162.5,166.25,145305
2026-02-26,166.25,167.60000610351562,157.94000244140625,158.69000244140625,191649
2026-02-27,160.10000610351562,162.1199951171875,153.0,159.86000061035156,131254
2026-03-02,154.0,167.85000610351562,153.10000610351562,162.8000030517578,222545
2026-03-04,161.0,161.0500030517578,155.5,157.80999755859375,145682
2026-03-05,162.0,164.89999389648438,158.2100067138672,162.02000427246094,58064
2026-03-06,160.69000244140625,162.39999389648438,159.5,160.1300048828125,37125
2026-03-09,163.89999389648438,163.89999389648438,152.1300048828125,152.47000122070312,141869
2026-03-10,153.0,158.5,151.91000366210938,156.25999450683594,87680
2026-03-11,156.0,158.5800018310547,153.0,154.75,82497
2026-03-12,154.5,156.99000549316406,149.6199951171875,152.6199951171875,127654
2026-03-13,152.3000030517578,154.8000030517578,144.99000549316406,145.27000427246094,155403
2026-03-16,145.0,147.69000244140625,140.10000610351562,144.27999877929688,167567
2026-03-17,145.10000610351562,151.49000549316406,145.07000732421875,151.49000549316406,208929
2026-03-18,153.0,159.05999755859375,153.0,159.05999755859375,76789
2026-03-19,164.6300048828125,167.00999450683594,160.5,164.67999267578125,476276
2026-03-20,167.0,172.91000366210938,165.50999450683594,172.47999572753906,251180
2026-03-23,178.0,178.0,163.86000061035156,163.86000061035156,211909
2026-03-24,167.8000030517578,171.5,162.14999389648438,163.8300018310547,169043
2026-03-25,165.99000549316406,167.14999389648438,160.0,163.4499969482422,108494
2026-03-27,160.4499969482422,160.4499969482422,155.27999877929688,155.27999877929688,169517
2026-03-30,153.0,154.0,147.52000427246094,147.52000427246094,128419
2026-04-01,150.0,154.88999938964844,150.0,154.88999938964844,37827
2026-04-02,155.5,159.0,147.14999389648438,157.63999938964844,74750
2026-04-06,158.6999969482422,160.38999938964844,150.10000610351562,156.52000427246094,92761
2026-04-07,155.0,162.0,153.0,161.66000366210938,67978
2026-04-08,169.69000244140625,169.74000549316406,167.07000732421875,169.74000549316406,46865
2026-04-09,172.0,173.10000610351562,166.25999450683594,170.88999938964844,92381
2026-04-10,172.0,179.42999267578125,172.0,179.42999267578125,139181
2026-04-13,174.5,174.97999572753906,170.4600067138672,172.88999938964844,195429
2026-04-15,174.0,181.52999877929688,174.0,180.8000030517578,178324
2026-04-16,183.99000549316406,189.83999633789062,183.44000244140625,189.83999633789062,78569
2026-04-17,196.39999389648438,199.3300018310547,192.0,196.10000610351562,657429
2026-04-20,203.0,205.89999389648438,199.92999267578125,205.89999389648438,277593
2026-04-21,216.19000244140625,216.19000244140625,205.89999389648438,216.19000244140625,524491
2026-04-22,226.99000549316406,226.99000549316406,222.0,226.99000549316406,705607
2026-04-23,237.0,238.3300018310547,223.0,238.3300018310547,1175902
2026-04-24,239.6999969482422,239.6999969482422,226.4199981689453,236.66000366210938,800077
2026-04-27,248.49000549316406,248.49000549316406,248.49000549316406,248.49000549316406,85467
2026-04-28,260.9100036621094,260.9100036621094,260.9100036621094,260.9100036621094,28199
2026-04-29,273.95001220703125,273.95001220703125,273.95001220703125,273.95001220703125,49851
2026-04-30,287.6400146484375,287.6400146484375,275.0,287.6400146484375,1573591
2026-05-04,297.0,302.0,273.29998779296875,295.5,1240325
2026-05-05,285.0,299.95001220703125,281.1000061035156,293.8999938964844,500608
2026-05-06,291.0,298.0,282.1000061035156,292.8999938964844,351418
2026-05-07,291.0,307.5,291.0,307.5,477106
2026-05-08,310.1000061035156,322.8500061035156,308.0,322.8500061035156,395403
2026-05-11,323.0,338.95001220703125,311.5,338.95001220703125,356995
2026-05-12,354.8999938964844,354.8999938964844,325.5,336.45001220703125,525539
2026-05-13,320.54998779296875,329.70001220703125,319.6499938964844,319.6499938964844,386097
2026-05-14,306.0,314.3999938964844,303.70001220703125,303.70001220703125,158229
2026-05-15,304.8999938964844,318.8500061035156,304.8999938964844,317.5,453968
2026-05-18,310.0,314.29998779296875,301.6499938964844,306.04998779296875,281835
2026-05-19,303.0,318.70001220703125,295.25,302.0,303761
2026-05-20,296.25,317.1000061035156,296.25,317.1000061035156,258954
2026-05-21,332.95001220703125,332.95001220703125,331.0,332.95001220703125,109984
2026-05-22,343.79998779296875,349.54998779296875,336.29998779296875,349.54998779296875,303297
2026-05-25,367.0,367.0,353.04998779296875,367.0,750096
2026-05-26,385.3500061035156,385.3500061035156,385.3500061035156,385.3500061035156,96575
2026-05-27,401.0,404.6000061035156,387.54998779296875,404.6000061035156,679408
2026-05-28,404.6000061035156,404.6000061035156,404.6000061035156,404.6000061035156,0
2026-05-29,424.79998779296875,424.79998779296875,392.0,424.79998779296875,1673045
2026-06-01,434.3999938964844,446.0,408.79998779296875,426.3999938964844,1579281
2026-06-02,438.95001220703125,438.95001220703125,408.6000061035156,416.1000061035156,575360
2026-06-03,414.3999938964844,436.8999938964844,406.1000061035156,436.8999938964844,840720
2026-06-04,438.0,458.70001220703125,436.8999938964844,458.70001220703125,224154
2026-06-05,462.0,467.79998779296875,435.79998779296875,435.79998779296875,754289
2026-06-08,414.04998779296875,434.0,414.04998779296875,416.6499938964844,647005
2026-06-09,425.0,437.45001220703125,425.0,437.45001220703125,127502
2026-06-10,459.29998779296875,459.29998779296875,459.29998779296875,459.29998779296875,143436
2026-06-11,457.0,482.25,436.3500061035156,482.25,830361
2026-06-12,497.0,503.8999938964844,470.0,479.5,583531
2026-06-15,495.0,495.0,460.0,462.20001220703125,426532
2026-06-16,461.0,478.0,444.3999938964844,475.1000061035156,249936
2026-06-17,475.1000061035156,480.0,464.1000061035156,476.25,211451
2026-06-18,477.0,500.04998779296875,473.25,500.04998779296875,203095
2026-06-19,513.0,525.0499877929688,510.04998779296875,525.0499877929688,144015
2026-06-22,551.2999877929688,551.2999877929688,540.0,551.2999877929688,432874
2026-06-23,569.0,578.8499755859375,560.0,578.8499755859375,322691
2026-06-24,599.0,607.75,590.4500122070312,607.75,223169
2026-06-25,638.0999755859375,638.0999755859375,582.2999877929688,615.0499877929688,785927
2026-06-26,615.0499877929688,615.0499877929688,615.0499877929688,615.0499877929688,0
2026-06-29,612.7999877929688,612.7999877929688,584.2999877929688,584.2999877929688,142048
2026-06-30,555.0999755859375,555.0999755859375,555.0999755859375,555.0999755859375,87799
2026-07-01,541.0,582.8499755859375,531.1500244140625,581.3499755859375,815063
2026-07-02,565.0,574.9000244140625,553.0,561.0499877929688,370636
2026-07-03,556.0,561.0,535.5999755859375,548.4000244140625,304491
2026-07-06,545.0,569.0,531.0,539.3499755859375,340407
2026-07-07,545.9000244140625,566.2999877929688,532.4000244140625,541.3499755859375,595041
2026-07-08,549.9500122070312,565.9000244140625,516.0,531.5,609737
2026-07-09,537.0,558.0499877929688,537.0,558.0499877929688,231921
2026-07-10,585.9500122070312,585.9500122070312,557.7999877929688,582.6500244140625,1121568
2026-07-13,582.6500244140625,609.9000244140625,576.5,582.9500122070312,581001
2026-07-14,604.0,606.2999877929688,569.2999877929688,573.6500244140625,528379
2026-07-15,584.75,595.7999877929688,552.0,559.8499755859375,456026
2026-07-16,562.5499877929688,584.0,561.0999755859375,568.7999877929688,284791
2026-07-17,568.0,568.0,551.0,557.7999877929688,89665
2026-07-20,557.7999877929688,557.7999877929688,530.5,533.4000244140625,194607
2026-07-21,533.4000244140625,540.9000244140625,515.0999755859375,520.2999877929688,209434
2026-07-22,515.1500244140625,534.9500122070312,515.1500244140625,526.0999755859375,112396
2026-07-23,533.0,534.9500122070312,499.79998779296875,499.79998779296875,190020
2026-07-24,474.8500061035156,524.75,474.8500061035156,523.0,406157
2026-07-27,547.0,549.1500244140625,547.0,549.1500244140625,263149
2026-07-28,576.5999755859375,576.5999755859375,576.5999755859375,576.5999755859375,61609
2026-07-29,605.4000244140625,605.4000244140625,605.4000244140625,605.4000244140625,104246
2026-07-30,627.7999877929688,627.7999877929688,581.5999755859375,599.4000244140625,854299
2026-07-31,595.0,626.0,594.7999877929688,623.5499877929688,288481
2026-08-03,634.0,654.7000122070312,625.0,654.7000122070312,146018
2026-08-04,687.4000244140625,687.4000244140625,665.0,686.7999877929688,630674
2026-08-05,685.7000122070312,721.0,656.7999877929688,704.5,392220
2026-08-06,715.0,721.5,680.0,692.0499877929688,302489
2026-08-07,691.0,714.4000244140625,681.0,700.9500122070312,177711
2026-08-10,702.1500244140625,711.0,700.9500122070312,703.9500122070312,145262
2026-08-11,700.0,709.9500122070312,690.0,701.4500122070312,150689
2026-08-12,701.4500122070312,710.0,666.4000244140625,683.8499755859375,289657
2026-08-13,651.0,692.0,651.0,687.1500244140625,197183
2026-08-14,652.7999877929688,672.0,652.7999877929688,660.0999755859375,367773
2026-08-17,645.0,648.0,627.0999755859375,627.0999755859375,252071
2026-08-18,627.0999755859375,658.4500122070312,622.0,658.4500122070312,190567
2026-08-19,691.3499755859375,691.3499755859375,691.3499755859375,691.3499755859375,89369
2026-08-20,714.9000244140625,714.9000244140625,661.2000122070312,664.4500122070312,701713
2026-08-21,664.9500122070312,697.6500244140625,657.5,688.2000122070312,680477
2026-08-24,691.25,695.9500122070312,655.25,659.75,307346
2026-08-25,692.7000122070312,692.7000122070312,692.7000122070312,692.7000122070312,124322
2026-08-26,727.2999877929688,727.2999877929688,711.4500122070312,727.2999877929688,728895
2026-08-27,730.9500122070312,763.6500244140625,730.9500122070312,763.6500244140625,942674
2026-08-28,797.2999877929688,801.0,745.0,777.0999755859375,374337
2026-08-31,775.0,790.0,742.0,781.9500122070312,284883
2026-09-01,781.9500122070312,797.4000244140625,764.0,780.4500122070312,190324
2026-09-02,778.0499877929688,787.7999877929688,750.25,772.9500122070312,169732
2026-09-03,774.9500122070312,775.0,750.0,754.7999877929688,116874
2026-09-04,754.7999877929688,779.9000244140625,752.5499877929688,762.4000244140625,118525
